
const uint16_t game48[] = {
	0x0001, 0x0000, 0x0000, 0x0000, 0x0000, 0x0000, 0x0000, 0x0000, 0x0000, 0x0000, 0x0000, 0x0000, 0x0000, 0x0000, 0x0000, 0x0000, 
	0x0000, 0x0000, 0x0000, 0x0000, 0x0000, 0x0000, 0x0000, 0x0000, 0x0000, 0x0000, 0x0000, 0x0000, 0x0000, 0x0000, 0x0000, 0x0000, 
	0x0000, 0x0000, 0x0000, 0x0000, 0x0000, 0x0000, 0x0000, 0x0000, 0x0000, 0x0001, 0x0000, 0x0000, 0x0000, 0x0000, 0x0000, 0x0000, 
	0x0000, 0x0000, 0x0000, 0x0000, 0x0000, 0x0000, 0x0000, 0x0000, 0x0000, 0x0000, 0x0000, 0x0000, 0x0000, 0x0000, 0x0000, 0x0000, 
	0x0000, 0x0000, 0x0000, 0x0000, 0x0000, 0x0000, 0x0000, 0x0000, 0x0000, 0x0000, 0x0000, 0x0000, 0x0000, 0x0000, 0x0000, 0x0000, 
	0x0000, 0x0000, 0x0000, 0x0000, 0x0000, 0x0000, 0x0000, 0x0000, 0x0000, 0x0000, 0x0000, 0x0000, 0x0000, 0x0000, 0x0000, 0x0000, 
	0x0000, 0x0000, 0x0000, 0x0000, 0x0000, 0x0000, 0x0000, 0x0000, 0x0000, 0x0000, 0x0000, 0x0000, 0x0000, 0x0000, 0x0000, 0x0000, 
	0x0000, 0x0000, 0x0000, 0x0000, 0x0000, 0x0000, 0x0000, 0x0000, 0x0000, 0x0000, 0x0000, 0x0000, 0x0000, 0x0000, 0x0000, 0x0000, 
	0x0000, 0x0000, 0x0000, 0x0000, 0x0000, 0x0000, 0x0000, 0x0000, 0x0000, 0x0000, 0x0000, 0x0000, 0x0000, 0x0000, 0x0000, 0x0000, 
	0x0000, 0x0000, 0x0000, 0x0000, 0x0000, 0x0000, 0x0000, 0x0000, 0x0000, 0x0000, 0x0000, 0x0000, 0x0000, 0x0000, 0x0000, 0x0000, 
	0x0000, 0x0000, 0x0000, 0x0000, 0x0000, 0x0000, 0x0000, 0x0000, 0x0000, 0x0000, 0x0000, 0x0000, 0x0000, 0x0000, 0x0000, 0x0000, 
	0x0000, 0x0000, 0x0000, 0x0000, 0x0000, 0x0000, 0x0000, 0x0000, 0x0000, 0x0000, 0x0000, 0x0000, 0x0000, 0x0000, 0x0000, 0x0000, 
	0x0000, 0x0000, 0x0000, 0x0000, 0x0000, 0x0000, 0x0000, 0x0000, 0x0000, 0x0000, 0x0000, 0x0000, 0x0000, 0x0000, 0x0000, 0x0000, 
	0x0000, 0x0000, 0x0000, 0x0000, 0x0000, 0x0000, 0x0000, 0x0000, 0x0000, 0x0000, 0x0000, 0x0000, 0x0000, 0x0000, 0x0000, 0x0000, 
	0x0000, 0x0000, 0x0000, 0x0000, 0x0000, 0x0000, 0x0000, 0x0000, 0x0000, 0x0000, 0x0000, 0x0000, 0x0000, 0x0000, 0x0000, 0x0000, 
	0x0000, 0x0000, 0x0000, 0x0000, 0x0000, 0x0000, 0x0000, 0x0000, 0x0000, 0x0000, 0x0000, 0x0000, 0x0000, 0x0000, 0x0000, 0x0000, 
	0x0000, 0x0000, 0x0000, 0x0000, 0x0000, 0x0000, 0x0000, 0x0000, 0x0000, 0x0000, 0x0000, 0x0000, 0x0000, 0x0000, 0x0000, 0x0000, 
	0x0000, 0x0000, 0x0000, 0x0000, 0x0000, 0x0000, 0x0000, 0x0000, 0x0000, 0x0000, 0x0000, 0x0000, 0x0000, 0x0000, 0x0000, 0x0000, 
	0x0000, 0x0000, 0x0000, 0x0000, 0x0000, 0x0000, 0x0000, 0x0000, 0x0000, 0x0000, 0x0000, 0x0000, 0x0000, 0x0000, 0x0000, 0x0000, 
	0x0000, 0x0000, 0x0000, 0x0000, 0x0000, 0x0000, 0x0000, 0x0000, 0x0000, 0x0000, 0x0000, 0x0000, 0x0000, 0x0000, 0x0000, 0x0000, 
	0x0000, 0x0000, 0x0000, 0x0000, 0x0000, 0x0000, 0x0000, 0x0000, 0x0000, 0x0000, 0x0000, 0x0000, 0x0000, 0x0000, 0x0000, 0x0001, 
	0x0000, 0x0000, 0x0000, 0x0000, 0x0000, 0x0000, 0x0000, 0x0000, 0x0000, 0x0001, 0x0002, 0x0003, 0x0002, 0x0002, 0x0002, 0x0002, 
	0x0002, 0x0002, 0x0002, 0x0002, 0x0001, 0x0001, 0x0001, 0x0001, 0x0001, 0x0002, 0x0001, 0x0001, 0x0001, 0x0001, 0x0002, 0x0002, 
	0x0002, 0x0002, 0x0803, 0x0803, 0x0802, 0x0002, 0x0001, 0x0000, 0x0000, 0x0000, 0x0000, 0x0000, 0x0000, 0x0000, 0x0000, 0x0000, 
	0x0000, 0x0000, 0x0000, 0x0000, 0x0000, 0x0000, 0x0000, 0x0000, 0x0802, 0x0804, 0x59d0, 0x59b1, 0x5971, 0x5971, 0x5991, 0x5151, 
	0x5951, 0x5151, 0x492f, 0x2028, 0x0804, 0x0804, 0x0803, 0x0804, 0x0804, 0x0804, 0x0804, 0x0804, 0x1806, 0x494d, 0x5990, 0x5971, 
	0x5970, 0x5171, 0x5951, 0x5151, 0x5131, 0x494f, 0x0805, 0x0002, 0x0001, 0x0001, 0x0000, 0x0000, 0x0000, 0x0000, 0x0000, 0x0000, 
	0x0000, 0x0000, 0x0000, 0x0000, 0x0000, 0x0000, 0x0800, 0x0802, 0x498c, 0x7273, 0x9319, 0x92da, 0x92ba, 0x92bb, 0x927a, 0x929b, 
	0x927b, 0x8a7a, 0x8a99, 0x7215, 0x6a13, 0x6a32, 0x6a32, 0x6a12, 0x6a13, 0x6a13, 0x6a33, 0x6a33, 0x7a75, 0x8ad8, 0x9299, 0x92bb, 
	0x92ba, 0x92db, 0x929a, 0x8a9a, 0x8a7a, 0x7a58, 0x59d2, 0x30eb, 0x0004, 0x0002, 0x0000, 0x0000, 0x0000, 0x0020, 0x0000, 0x0020, 
	0x0000, 0x0000, 0x0000, 0x0000, 0x0000, 0x0001, 0x0802, 0x410c, 0x9339, 0x9afb, 0x929c, 0x9a9d, 0x9a9c, 0x9a9c, 0x9a9d, 0x925c, 
	0x9a7c, 0x925c, 0x929c, 0x8a7b, 0x8a7a, 0x929a, 0x929a, 0x929a, 0x92bb, 0x929b, 0x92ba, 0x92db, 0x92db, 0x929b, 0x9a9c, 0x9a7c, 
	0x927c, 0x927c, 0x927c, 0x927c, 0x9a9d, 0x8a7c, 0x825a, 0x7237, 0x410e, 0x1005, 0x0001, 0x0000, 0x0000, 0x0000, 0x0020, 0x0000, 
	0x0000, 0x0000, 0x0000, 0x0001, 0x0001, 0x0802, 0x38eb, 0xa39a, 0xa33c, 0x9add, 0x929c, 0x929c, 0x929b, 0x927a, 0x929c, 0x9a9d, 
	0x9a7d, 0x9a5d, 0x9a5d, 0x925d, 0x927d, 0x9a7d, 0x9a7d, 0x9a9d, 0x925d, 0x9a9d, 0x927c, 0x929c, 0x9abd, 0x9a9d, 0x9a9d, 0x9a7c, 
	0x9abb, 0x92bb, 0x9a9c, 0x9a9d, 0x8a5c, 0x927e, 0x8a5d, 0x825b, 0x7216, 0x308b, 0x0003, 0x0001, 0x0000, 0x0000, 0x0000, 0x0000, 
	0x0000, 0x0000, 0x0000, 0x0002, 0x0002, 0x394b, 0xa3d9, 0xb3dd, 0x9abc, 0x92bd, 0x8a9a, 0x9b5b, 0x61b2, 0x69f3, 0x69d7, 0x8a7b, 
	0x927d, 0x927d, 0x925d, 0x925d, 0x927d, 0x927d, 0x925d, 0x927d, 0x927d, 0x927c, 0x927c, 0x9add, 0x929d, 0x9a9d, 0x929c, 0x92db, 
	0xb41c, 0xb43b, 0xabdb, 0x92fa, 0x929c, 0x927d, 0x927d, 0x8a3c, 0x7a1b, 0x7216, 0x38eb, 0x0002, 0x0001, 0x0000, 0x0000, 0x0000, 
	0x0000, 0x0000, 0x0000, 0x0001, 0x0004, 0x93b7, 0xd51f, 0xab7d, 0x9abd, 0x8a7b, 0x82b8, 0xbcbd, 0x3089, 0x2849, 0x38b0, 0x6197, 
	0x823c, 0x925d, 0x927d, 0x925d, 0x925d, 0x927d, 0x925d, 0x927d, 0x927d, 0x929d, 0x929d, 0x9abd, 0x9abe, 0x92bc, 0x9afb, 0xccdf, 
	0xfeff, 0xfeff, 0xee5f, 0xc4fe, 0x8abb, 0x927d, 0x925d, 0x925d, 0x8a3d, 0x71f9, 0x8b57, 0x1846, 0x0001, 0x0000, 0x0000, 0x0000, 
	0x0000, 0x0000, 0x0000, 0x0001, 0x5a4f, 0xac3b, 0xdd1f, 0xa2fc, 0x9a9c, 0x8a7b, 0x82b7, 0xbd1c, 0x28c7, 0x1887, 0x288e, 0x40f4, 
	0x69b9, 0x823c, 0x925d, 0x925d, 0x923c, 0x9a5d, 0x9a7d, 0x9a7d, 0x927d, 0x925c, 0x9a7d, 0x9a9e, 0x9a9d, 0x92da, 0xccdd, 0xfedf, 
	0xef1f, 0xf75f, 0xf73e, 0xf6df, 0x7237, 0x8a7c, 0x927d, 0x925d, 0x923d, 0x7a3a, 0x7ab8, 0x6ad3, 0x0002, 0x0000, 0x0000, 0x0000, 
	0x0000, 0x0000, 0x0000, 0x0002, 0x7b34, 0xee1f, 0xab9c, 0x92ba, 0x8a99, 0x82b7, 0x7af5, 0xb519, 0x20c5, 0x18c6, 0x28cc, 0x3910, 
	0x61d5, 0x7a59, 0x8a7c, 0x925c, 0x9a5c, 0x9a7d, 0x9a5d, 0x9a7d, 0x9a7d, 0x9a7d, 0x925d, 0x9a9e, 0x9abd, 0x92fa, 0xe5ff, 0xf71f, 
	0xef3e, 0xef7d, 0xe73c, 0xeeff, 0x935b, 0x71b9, 0x923c, 0x9a7d, 0x925d, 0x823b, 0x7238, 0x72d6, 0x1046, 0x0000, 0x0000, 0x0000, 
	0x0000, 0x0001, 0x0803, 0x5a2e, 0xa439, 0xe5ff, 0x9339, 0x61d2, 0x2889, 0x28e8, 0x2107, 0x5aac, 0x20c4, 0x18a4, 0x1885, 0x1886, 
	0x1887, 0x286a, 0x5933, 0x8a5b, 0x9a9d, 0x9a5c, 0x9a7d, 0x9a7d, 0x925d, 0x9a7d, 0x9a7d, 0x9a7d, 0x9abd, 0x92fb, 0xd59f, 0xf71f, 
	0xef5e, 0xef3d, 0xef5d, 0xeedf, 0x7ab9, 0x6138, 0x8a3c, 0x925d, 0x927d, 0x927c, 0x7219, 0x8319, 0x7313, 0x0002, 0x0000, 0x0000, 
	0x0000, 0x0001, 0x0804, 0x6a51, 0xe5df, 0xac3b, 0x8ad7, 0x492f, 0x2908, 0x2105, 0x18e4, 0x1904, 0x18c4, 0x18c4, 0x20e4, 0x18c4, 
	0x18c4, 0x1867, 0x40f0, 0x71d8, 0x8a3b, 0x9a5d, 0x9a7e, 0x9a7d, 0x9a7d, 0x9a7d, 0x9a5d, 0x9a7d, 0x929d, 0x92dc, 0xa3ba, 0xee5f, 
	0xeedf, 0xf71f, 0xeedf, 0xcdbf, 0x7238, 0x6998, 0x8a7a, 0x92bb, 0x9adc, 0x9add, 0x825a, 0x7a78, 0x5a31, 0x1866, 0x0001, 0x0000, 
	0x0000, 0x0001, 0x30a9, 0x8b16, 0xdd5f, 0x9339, 0x7a57, 0x4910, 0x28a9, 0x20c6, 0x18e5, 0x18e4, 0x18e4, 0x18e4, 0x18e4, 0x18c4, 
	0x2106, 0x20a8, 0x38b0, 0x5936, 0x71ba, 0x8a3d, 0x925d, 0x9a7d, 0x9a7d, 0x9a7d, 0x9a7c, 0x9a9d, 0x9a9d, 0x929c, 0x929a, 0xbc3f, 
	0xc4de, 0xb49c, 0xb49e, 0x7ab8, 0x6a18, 0x82ba, 0xbcbd, 0xc4dd, 0xa3dc, 0x931c, 0x829b, 0x7a79, 0x7ad7, 0x49ce, 0x0002, 0x0000, 
	0x0000, 0x0002, 0x516e, 0xa39a, 0xbc3e, 0x931a, 0x8a9a, 0x48f2, 0x308c, 0x2089, 0x20c7, 0x41ea, 0x18e4, 0x18e4, 0x18a5, 0x20c8, 
	0x18a9, 0x208b, 0x38b1, 0x48f6, 0x699a, 0x8a3d, 0x925d, 0x9a7d, 0x927d, 0x9a7d, 0x9a7c, 0x9a7c, 0x9a7d, 0x9a7c, 0x9abd, 0x929c, 
	0x92db, 0x8299, 0x7a59, 0x7a79, 0x7ad9, 0xd5bf, 0xf71f, 0xf71f, 0xde1f, 0xa3fb, 0x8adb, 0x7259, 0x7277, 0x414e, 0x0803, 0x0000, 
	0x0000, 0x0803, 0x5970, 0xab7c, 0xab5d, 0x92bc, 0x929c, 0x823b, 0x6176, 0x4912, 0x30cd, 0x62b0, 0x18e5, 0x18c5, 0x20aa, 0x3110, 
	0x4133, 0x4914, 0x5117, 0x50f8, 0x697a, 0x821c, 0x8a3c, 0x927d, 0x927d, 0x9a7d, 0x9a7d, 0x9a7d, 0x9a5c, 0x9a9d, 0x9a7c, 0x9a9c, 
	0x927b, 0x9abc, 0x9adc, 0x931a, 0xde1f, 0xef1f, 0xef5e, 0xef3d, 0xef3e, 0xde3f, 0x7a98, 0x723a, 0x6a18, 0x8317, 0x3129, 0x0000, 
	0x0001, 0x30e8, 0xa379, 0xab3d, 0xab3d, 0x9add, 0x929d, 0x927e, 0x8a5d, 0x7219, 0x59d3, 0x7b34, 0x18e5, 0x18c6, 0x28ee, 0x4154, 
	0x5157, 0x619a, 0x71dc, 0x79db, 0x81fc, 0x8a5d, 0x8a5d, 0x927d, 0x929e, 0x927d, 0x9a7e, 0x9a7e, 0x9a7c, 0x9a7c, 0x9a7c, 0x9a9d, 
	0xa2bd, 0x9abd, 0x9abc, 0x9b5a, 0xf6bf, 0xf75e, 0xef5d, 0xef9d, 0xef7d, 0xe6bf, 0x6a57, 0x69f9, 0x69d8, 0x82f8, 0x28e9, 0x0001, 
	0x0002, 0x38ea, 0xa33a, 0xab1d, 0xa2fd, 0x9abc, 0x9a7d, 0x9a9e, 0x927e, 0x8a7b, 0x82b7, 0x6a92, 0x20c7, 0x20c8, 0x30ef, 0x4935, 
	0x5938, 0x71db, 0x8a3c, 0x923c, 0x923d, 0x923d, 0x927d, 0x929d, 0x929d, 0x927d, 0x927e, 0x9a7d, 0x9a9d, 0x927c, 0x9add, 0x929c, 
	0x9abd, 0x9abc, 0x9add, 0x9b5b, 0xee9f, 0xf73f, 0xef3d, 0xef5d, 0xe71d, 0xde5e, 0x7257, 0x69d9, 0x69d8, 0x7276, 0x20a8, 0x0001, 
	0x0003, 0x30aa, 0xa31b, 0xab1e, 0xaafd, 0x9abd, 0x9a9e, 0x9a7d, 0x9a7d, 0x8a7c, 0x8ab9, 0x40ef, 0x38cc, 0x30cc, 0x38d1, 0x5116, 
	0x5938, 0x79bb, 0x8a3c, 0x925d, 0x925d, 0x925d, 0x927d, 0x927d, 0x927d, 0x929d, 0x927d, 0x927d, 0x927d, 0x9a9d, 0x9abd, 0x9add, 
	0x92bc, 0x9add, 0x9adc, 0x9b1b, 0xcd1e, 0xeedf, 0xef1f, 0xeefe, 0xe69e, 0xbd1c, 0x6a17, 0x69d9, 0x6198, 0x61f5, 0x5250, 0x0023, 
	0x1005, 0x61f1, 0xa31b, 0xab1e, 0xa2fd, 0xa2bd, 0x9a9e, 0x9a7e, 0x9a9d, 0x929c, 0x929b, 0x71f8, 0x5134, 0x48f4, 0x50f7, 0x5919, 
	0x5919, 0x719b, 0x8a1c, 0x925d, 0x925d, 0x925d, 0x927d, 0x925d, 0x929d, 0x929d, 0x927d, 0x925d, 0x925d, 0x9a9d, 0x92bd, 0x9add, 
	0x9add, 0x9afd, 0x9afd, 0x9afc, 0x9b7b, 0xb49d, 0xd59e, 0xd5df, 0xb49c, 0x7ab8, 0x69d8, 0x69d9, 0x61b9, 0x59b6, 0x9c59, 0x0845, 
	0x1807, 0x9337, 0xa31c, 0xab3f, 0xab1f, 0x9abd, 0x9a9d, 0x9a9d, 0x9a9d, 0x929c, 0x9abd, 0x929d, 0x825c, 0x79fb, 0x719b, 0x697b, 
	0x717b, 0x79dc, 0x821c, 0x8a5c, 0x925c, 0x927c, 0x929d, 0x927c, 0x927c, 0x927c, 0x9a7c, 0x9a9d, 0x9a9d, 0x927d, 0x929c, 0x9add, 
	0x9afd, 0x9add, 0x9afd, 0x9afd, 0x931c, 0x9b7b, 0x9b9a, 0x9379, 0x82b9, 0x7a7a, 0x61b8, 0x69b9, 0x61b9, 0x59b6, 0x8397, 0x1027, 
	0x1808, 0x9b59, 0xa31c, 0xab1e, 0xa2fe, 0xa2dd, 0xa29d, 0xa29d, 0x9abd, 0x9abc, 0x9abd, 0x9abd, 0x9abd, 0x927d, 0x8a3c, 0x823c, 
	0x821b, 0x823c, 0x8a5c, 0x8a5c, 0x8a7c, 0x927b, 0x927c, 0x929b, 0x9abc, 0x9abc, 0x92bc, 0x929c, 0x929c, 0x927c, 0x929c, 0x92bc, 
	0x9add, 0x92dc, 0x9afc, 0x9b1d, 0x9b3d, 0x9b3c, 0x9b3c, 0x933c, 0x8abb, 0x829b, 0x69d9, 0x69da, 0x61ba, 0x5997, 0x72d6, 0x1007, 
	0x2009, 0x9318, 0xab3d, 0xab3e, 0xa2fd, 0xa2dd, 0xa2bd, 0x9a9d, 0x9a9c, 0x9abd, 0x9a9c, 0x9a9c, 0x9a9d, 0x9a9d, 0x929c, 0x927c, 
	0x8a7c, 0x8a9c, 0x8abd, 0x92dd, 0x92fd, 0x9afd, 0x9b1d, 0xa31d, 0xa31d, 0xa33e, 0xa33e, 0x9b1d, 0x9b1e, 0x9afe, 0x9abc, 0x929b, 
	0x92dc, 0x92dc, 0x9afd, 0x9afd, 0x92fc, 0x9afd, 0x9b1d, 0x9b3d, 0x9b3e, 0x8adc, 0x7a3b, 0x71fa, 0x61da, 0x61b8, 0x6a55, 0x1809, 
	0x2008, 0x9b59, 0xa33c, 0xb35e, 0xab3d, 0x9adc, 0xa2bd, 0x9a9d, 0x9abd, 0x9abd, 0x9abd, 0x9a9d, 0x9a9d, 0x9a9d, 0x929d, 0x92bc, 
	0x9add, 0x92dd, 0x92dd, 0x92fd, 0x92fd, 0x92dd, 0x92dd, 0x92dd, 0x92dd, 0x9afd, 0x9b1e, 0x9b1e, 0x9b3f, 0xa33f, 0x9b1e, 0x9afd, 
	0x929c, 0x92bc, 0x92bd, 0x9add, 0x9afd, 0x9b1d, 0x9b1d, 0x9afd, 0x92fd, 0x92dc, 0x827c, 0x723b, 0x69fb, 0x61b8, 0x6a15, 0x6212, 
	0x300b, 0xa359, 0xa31c, 0xab3e, 0xa2fd, 0x9add, 0xa2bd, 0xa2bd, 0x9add, 0x9abd, 0x9abd, 0x9abd, 0x9abd, 0x9abd, 0x9afd, 0x9b1e, 
	0x9afd, 0x92dd, 0x8a9c, 0x82bb, 0x82bb, 0x829b, 0x7a7b, 0x7a5a, 0x7a5a, 0x7a3a, 0x7a3a, 0x7a3b, 0x825c, 0x8a7c, 0x92bd, 0x9b1e, 
	0x9afe, 0x92dd, 0x929c, 0x92bd, 0x9add, 0x9afd, 0x9afd, 0x9afd, 0x9b1d, 0x92dc, 0x825c, 0x825c, 0x71fb, 0x5998, 0x61f5, 0xac3c, 
	0x69b4, 0x9b3a, 0xab1d, 0xb33e, 0xa2fd, 0xa2fd, 0xa2dd, 0xa2dd, 0x9abd, 0x9add, 0x9afd, 0xa31d, 0xa33d, 0xa35d, 0xa33e, 0x92fd, 
	0x7a3a, 0x7a3a, 0x7239, 0x7a7a, 0x7a9a, 0x82ba, 0x82db, 0x82da, 0x7aba, 0x7a99, 0x723a, 0x71fa, 0x71ba, 0x719b, 0x79db, 0x825c, 
	0x9ade, 0x9ade, 0x92bc, 0x929b, 0x929b, 0x9abc, 0x9add, 0x9afd, 0x92fc, 0x92dc, 0x8a7c, 0x825c, 0x71fa, 0x61b8, 0x59f6, 0xac5e, 
	0x931a, 0xa33b, 0xa2fc, 0xab1e, 0xab3e, 0xa31d, 0xa31d, 0xa31d, 0xa33d, 0xa35d, 0xa35d, 0xa35d, 0xa37d, 0xa39e, 0x931d, 0x71f9, 
	0x69f9, 0x7239, 0x7a98, 0x82f9, 0x8339, 0x8b5a, 0x8b9a, 0x93ba, 0x93ba, 0x937a, 0x82fa, 0x7a59, 0x69d9, 0x6999, 0x699a, 0x71db, 
	0x823c, 0x9abe, 0xa31e, 0x92bc, 0x8a5b, 0x8a7b, 0x8a9c, 0x8a9c, 0x92bc, 0x8abc, 0x8a7c, 0x823b, 0x723b, 0x59b8, 0x59b6, 0xa43e, 
	0x9b1b, 0xa33c, 0xa31c, 0xab3d, 0xab7e, 0xab7e, 0xa37d, 0xab9e, 0xabbd, 0xa39d, 0xabbd, 0xab9d, 0xa37e, 0x9b1d, 0x7a1a, 0x69d9, 
	0x7259, 0x7ad8, 0x8b98, 0x9c38, 0x9c38, 0x7b34, 0x62b1, 0x49ee, 0x49ce, 0x5210, 0x5a11, 0x51b1, 0x5192, 0x5994, 0x5997, 0x6999, 
	0x81dc, 0x8a3d, 0x9abd, 0x9afd, 0x8abc, 0x825b, 0x823c, 0x825b, 0x825b, 0x825b, 0x823c, 0x825c, 0x69fa, 0x5977, 0x59b6, 0x9bdd, 
	0x8257, 0x9afb, 0x9afc, 0xa33d, 0xb39e, 0xb3be, 0xabde, 0xa3bd, 0xa3bd, 0xa3bd, 0xa3bd, 0xa37d, 0x9b1d, 0x825b, 0x71f9, 0x6a18, 
	0x8339, 0x72d4, 0x312a, 0x0803, 0x0003, 0x0002, 0x0002, 0x0002, 0x0002, 0x0003, 0x0004, 0x0005, 0x0805, 0x1809, 0x30af, 0x5996, 
	0x79da, 0x821c, 0x8a5c, 0x92bd, 0x92dd, 0x8a9d, 0x8a5c, 0x821b, 0x821b, 0x7a1b, 0x825c, 0x825c, 0x69ba, 0x5998, 0x59b5, 0xa41e, 
	0x302c, 0x931a, 0x9adb, 0xa31d, 0xb39f, 0xb39e, 0xa39d, 0xa3bd, 0xa3bd, 0x9b7d, 0x9b5d, 0x931d, 0x827c, 0x71f9, 0x69f8, 0x7ad8, 
	0x5210, 0x0003, 0x0001, 0x0000, 0x0001, 0x0001, 0x0000, 0x0001, 0x0001, 0x0001, 0x0002, 0x0002, 0x0001, 0x0002, 0x1006, 0x286c, 
	0x71f7, 0x823b, 0x821c, 0x8a5d, 0x8a5d, 0x8a5d, 0x823d, 0x821c, 0x821c, 0x79fb, 0x823c, 0x823c, 0x6179, 0x5998, 0x59d6, 0xa43e, 
	0x1808, 0x8b17, 0x92db, 0x929c, 0xa2fe, 0xa31d, 0xa33d, 0x9b3c, 0x9b3c, 0x8adb, 0x8abc, 0x8a9c, 0x7a1b, 0x69d9, 0x6a57, 0x416f, 
	0x0003, 0x0001, 0x0000, 0x0020, 0x0000, 0x0000, 0x0020, 0x0000, 0x0000, 0x0000, 0x0000, 0x0000, 0x0000, 0x0000, 0x0001, 0x0804, 
	0x306d, 0x7238, 0x823b, 0x821d, 0x8a1c, 0x8a1c, 0x81fc, 0x79fc, 0x79db, 0x823c, 0x8a7d, 0x7a1b, 0x699a, 0x5977, 0x59f5, 0x4130, 
	0x1806, 0x8b37, 0x8a9a, 0x9a9d, 0x923c, 0x925c, 0x927d, 0x8a7c, 0x825b, 0x827b, 0x8a9c, 0x7a1b, 0x71da, 0x6a38, 0x8378, 0x1046, 
	0x0001, 0x0000, 0x0000, 0x0000, 0x0000, 0x0000, 0x0000, 0x0000, 0x0000, 0x0000, 0x0000, 0x0000, 0x0000, 0x0000, 0x0000, 0x0001, 
	0x1006, 0x7275, 0x7a5a, 0x821d, 0x79bb, 0x81dc, 0x79db, 0x79fb, 0x7a1b, 0x827c, 0x825c, 0x69ba, 0x6199, 0x5996, 0x72f6, 0x1007, 
	0x0803, 0x306a, 0x8a99, 0x8a5c, 0x923d, 0x81fc, 0x81fc, 0x79fb, 0x7a3b, 0x827c, 0x825c, 0x721a, 0x69d9, 0x7277, 0x2088, 0x0002, 
	0x0001, 0x0000, 0x0000, 0x0000, 0x0000, 0x0000, 0x0000, 0x0000, 0x0000, 0x0000, 0x0000, 0x0000, 0x0000, 0x0000, 0x0000, 0x0000, 
	0x0002, 0x2069, 0x7257, 0x79fa, 0x81dc, 0x79bc, 0x79ba, 0x71fa, 0x825b, 0x7a7b, 0x721a, 0x61b9, 0x5978, 0x61f6, 0x5210, 0x0804, 
	0x0801, 0x2027, 0x7256, 0x7a1a, 0x79fc, 0x79dc, 0x79fb, 0x7a1b, 0x827c, 0x827c, 0x7a3a, 0x71f8, 0x7277, 0x5a11, 0x1865, 0x0000, 
	0x0000, 0x0000, 0x0000, 0x0000, 0x0000, 0x0000, 0x0000, 0x0000, 0x0000, 0x0000, 0x0000, 0x0000, 0x0000, 0x0000, 0x0000, 0x0000, 
	0x0000, 0x0803, 0x38cd, 0x7218, 0x71ba, 0x719a, 0x71db, 0x71fa, 0x7a7b, 0x7a7a, 0x69f9, 0x61b8, 0x61d7, 0x59f3, 0x2087, 0x0001, 
	0x0800, 0x0802, 0x202a, 0x61d5, 0x69d8, 0x69b9, 0x71f8, 0x7a9a, 0x82da, 0x7ab9, 0x7278, 0x7ab7, 0x7b15, 0x3109, 0x0001, 0x0000, 
	0x0000, 0x0000, 0x0000, 0x0000, 0x0000, 0x0000, 0x0000, 0x0000, 0x0000, 0x0000, 0x0000, 0x0000, 0x0000, 0x0000, 0x0000, 0x0000, 
	0x0000, 0x0001, 0x1827, 0x410f, 0x61b5, 0x6197, 0x61b7, 0x7259, 0x7ada, 0x7298, 0x6a37, 0x6236, 0x5a14, 0x206a, 0x0002, 0x0000, 
	0x0000, 0x0001, 0x0002, 0x1867, 0x30cc, 0x59f3, 0x6234, 0x8358, 0x9bfa, 0x9c39, 0x8bd7, 0x312b, 0x2908, 0x0001, 0x0000, 0x0000, 
	0x0000, 0x0000, 0x0000, 0x0000, 0x0000, 0x0000, 0x0000, 0x0000, 0x0000, 0x0000, 0x0000, 0x0000, 0x0000, 0x0000, 0x0000, 0x0000, 
	0x0000, 0x0000, 0x0001, 0x1004, 0x2069, 0x412f, 0x59f4, 0x7296, 0x8b99, 0x93d9, 0x93f8, 0x6291, 0x20a8, 0x0003, 0x0000, 0x0000, 
	0x0000, 0x0000, 0x0000, 0x0001, 0x0004, 0x1046, 0x1007, 0x2089, 0x20c8, 0x28e8, 0x20c7, 0x0002, 0x0001, 0x0000, 0x0000, 0x0000, 
	0x0000, 0x0000, 0x0000, 0x0000, 0x0000, 0x0000, 0x0000, 0x0000, 0x0000, 0x0000, 0x0000, 0x0000, 0x0000, 0x0000, 0x0000, 0x0000, 
	0x0000, 0x0000, 0x0000, 0x0000, 0x0002, 0x0805, 0x1027, 0x1868, 0x20a9, 0x20a8, 0x28e8, 0x1885, 0x0001, 0x0000, 0x0000, 0x0000, 
	0x0000, 0x0000, 0x0000, 0x0001, 0x0001, 0x0001, 0x0001, 0x0002, 0x0002, 0x0002, 0x0001, 0x0001, 0x0000, 0x0021, 0x0000, 0x0000, 
	0x0000, 0x0000, 0x0000, 0x0000, 0x0000, 0x0000, 0x0000, 0x0000, 0x0000, 0x0000, 0x0000, 0x0000, 0x0000, 0x0000, 0x0000, 0x0000, 
	0x0000, 0x0000, 0x0000, 0x0000, 0x0000, 0x0001, 0x0001, 0x0001, 0x0001, 0x0001, 0x0001, 0x0001, 0x0000, 0x0000, 0x0000, 0x0000, 
	0x0000, 0x0020, 0x0000, 0x0000, 0x0000, 0x0000, 0x0000, 0x0000, 0x0000, 0x0000, 0x0000, 0x0000, 0x0000, 0x0000, 0x0000, 0x0000, 
	0x0000, 0x0000, 0x0000, 0x0000, 0x0000, 0x0000, 0x0000, 0x0000, 0x0000, 0x0000, 0x0000, 0x0000, 0x0000, 0x0000, 0x0000, 0x0000, 
	0x0000, 0x0000, 0x0000, 0x0000, 0x0000, 0x0000, 0x0000, 0x0020, 0x0000, 0x0000, 0x0000, 0x0000, 0x0000, 0x0000, 0x0000, 0x0000, 
	0x0000, 0x0000, 0x0000, 0x0000, 0x0000, 0x0000, 0x0000, 0x0000, 0x0000, 0x0000, 0x0000, 0x0000, 0x0000, 0x0000, 0x0000, 0x0000, 
	0x0000, 0x0000, 0x0000, 0x0000, 0x0000, 0x0000, 0x0000, 0x0000, 0x0000, 0x0000, 0x0000, 0x0000, 0x0000, 0x0000, 0x0000, 0x0000, 
	0x0000, 0x0000, 0x0000, 0x0000, 0x0000, 0x0000, 0x0000, 0x0000, 0x0000, 0x0000, 0x0000, 0x0000, 0x0000, 0x0000, 0x0000, 0x0000, 
	0x0000, 0x0000, 0x0000, 0x0000, 0x0000, 0x0000, 0x0000, 0x0000, 0x0000, 0x0000, 0x0000, 0x0000, 0x0000, 0x0000, 0x0000, 0x0000, 
	0x0000, 0x0000, 0x0000, 0x0000, 0x0000, 0x0000, 0x0000, 0x0000, 0x0000, 0x0000, 0x0000, 0x0000, 0x0000, 0x0000, 0x0000, 0x0000, 
	0x0000, 0x0000, 0x0000, 0x0000, 0x0000, 0x0000, 0x0000, 0x0000, 0x0000, 0x0000, 0x0000, 0x0000, 0x0000, 0x0000, 0x0000, 0x0000, 
	0x0000, 0x0000, 0x0000, 0x0000, 0x0000, 0x0000, 0x0000, 0x0000, 0x0000, 0x0000, 0x0000, 0x0000, 0x0000, 0x0000, 0x0000, 0x0000, 
	0x0000, 0x0000, 0x0000, 0x0000, 0x0000, 0x0000, 0x0000, 0x0000, 0x0000, 0x0000, 0x0000, 0x0000, 0x0000, 0x0000, 0x0000, 0x0000, 
	0x0000, 0x0000, 0x0000, 0x0000, 0x0000, 0x0000, 0x0000, 0x0000, 0x0000, 0x0000, 0x0000, 0x0000, 0x0000, 0x0000, 0x0000, 0x0000, 
	0x0000, 0x0000, 0x0000, 0x0000, 0x0000, 0x0000, 0x0000, 0x0000, 0x0000, 0x0000, 0x0000, 0x0000, 0x0000, 0x0000, 0x0020, 0x0000, 
	0x0000, 0x0000, 0x0000, 0x0000, 0x0000, 0x0000, 0x0000, 0x0000, 0x0000, 0x0000, 0x0000, 0x0000, 0x0000, 0x0000, 0x0000, 0x0000, 
	0x0000, 0x0000, 0x0000, 0x0000, 0x0000, 0x0000, 0x0000, 0x0000, 0x0000, 0x0000, 0x0000, 0x0000, 0x0000, 0x0000, 0x0000, 0x0000
};
























const uint16_t game32[] = {
	0x0000, 0x0000, 0x0000, 0x0000, 0x0000, 0x0000, 0x0000, 0x0000, 0x0000, 0x0000, 0x0000, 0x0000, 0x0000, 0x0000, 0x0000, 0x0000, 
	0x0000, 0x0000, 0x0000, 0x0000, 0x0000, 0x0000, 0x0000, 0x0000, 0x0000, 0x0000, 0x0000, 0x0000, 0x0000, 0x0000, 0x0000, 0x0020, 
	0x0000, 0x0000, 0x0000, 0x0000, 0x0000, 0x0000, 0x0000, 0x0000, 0x0000, 0x0000, 0x0000, 0x0000, 0x0000, 0x0000, 0x0000, 0x0000, 
	0x0020, 0x0000, 0x0000, 0x0000, 0x0000, 0x0000, 0x0000, 0x0000, 0x0000, 0x0000, 0x0000, 0x0000, 0x0000, 0x0000, 0x0000, 0x0000, 
	0x0000, 0x0000, 0x0000, 0x0000, 0x0000, 0x0000, 0x0020, 0x0000, 0x0000, 0x0000, 0x0000, 0x0000, 0x0000, 0x0000, 0x0000, 0x0000, 
	0x0000, 0x0000, 0x0000, 0x0000, 0x0000, 0x0000, 0x0000, 0x0000, 0x0000, 0x0020, 0x0000, 0x0000, 0x0000, 0x0000, 0x0000, 0x0000, 
	0x0000, 0x0000, 0x0000, 0x0000, 0x0000, 0x0000, 0x0000, 0x0000, 0x0000, 0x0000, 0x0000, 0x0000, 0x0000, 0x0000, 0x0000, 0x0000, 
	0x0000, 0x0000, 0x0000, 0x0000, 0x0000, 0x0000, 0x0000, 0x0000, 0x0000, 0x0020, 0x0020, 0x0000, 0x0000, 0x0000, 0x0000, 0x0000, 
	0x0000, 0x0020, 0x0000, 0x0000, 0x0000, 0x0000, 0x0000, 0x0001, 0x0001, 0x0001, 0x0801, 0x0000, 0x0001, 0x0000, 0x0000, 0x0000, 
	0x0000, 0x0000, 0x0000, 0x0001, 0x0001, 0x0002, 0x0001, 0x0001, 0x0000, 0x0000, 0x0000, 0x0000, 0x0000, 0x0000, 0x0000, 0x0000, 
	0x0000, 0x0000, 0x0000, 0x0000, 0x0000, 0x0001, 0x0804, 0x30ca, 0x30a9, 0x2889, 0x30a9, 0x2888, 0x2868, 0x0805, 0x0803, 0x0803, 
	0x0803, 0x0803, 0x0804, 0x2047, 0x28a9, 0x28a9, 0x2889, 0x28a9, 0x2888, 0x0804, 0x0003, 0x0001, 0x0000, 0x0020, 0x0000, 0x0000, 
	0x0000, 0x0020, 0x0000, 0x0000, 0x0802, 0x410b, 0x8af8, 0x92da, 0x92da, 0x92ba, 0x8a99, 0x8a99, 0x8a9a, 0x8259, 0x8ab9, 0x92d9, 
	0x92da, 0x8ab9, 0x8a99, 0x92d9, 0x92d9, 0x92b9, 0x8ab9, 0x92ba, 0x8ab9, 0x7a56, 0x284b, 0x0804, 0x0001, 0x0000, 0x0020, 0x0000, 
	0x0000, 0x0000, 0x0001, 0x0002, 0x496c, 0x9b79, 0x9adb, 0x92bc, 0x8a9b, 0x92dc, 0x929c, 0x927d, 0x925d, 0x925d, 0x9a7d, 0x925d, 
	0x927d, 0x9a7d, 0x9a7d, 0x9a7c, 0x9a9b, 0x929a, 0x92ba, 0x929b, 0x927c, 0x927b, 0x8258, 0x38cd, 0x0003, 0x0000, 0x0000, 0x0000, 
	0x0000, 0x0000, 0x0001, 0x498c, 0xb43c, 0x9b1a, 0x92b9, 0xb41e, 0x4930, 0x4951, 0x8a9b, 0x929e, 0x923d, 0x9a3d, 0x925d, 0x927e, 
	0x927e, 0x925d, 0xa29d, 0x9a9b, 0x92d9, 0xc4df, 0xd57f, 0xa3ba, 0x929b, 0x927d, 0x8a5b, 0x7a17, 0x416d, 0x0002, 0x0000, 0x0020, 
	0x0000, 0x0001, 0x0803, 0x8b55, 0xccbf, 0x92f9, 0x8ad7, 0xcd3e, 0x2089, 0x28ab, 0x4933, 0x7a3a, 0x9a7d, 0x9a5d, 0x9a9e, 0x925d, 
	0x927d, 0x925d, 0x9a9d, 0x9adb, 0xc4be, 0xf6df, 0xf6ff, 0xf6bf, 0x7a18, 0x927d, 0x923d, 0x8a5a, 0x7ab5, 0x0004, 0x0001, 0x0000, 
	0x0000, 0x0801, 0x2047, 0xd59f, 0x9b78, 0x7253, 0x6a51, 0xb4d9, 0x20a7, 0x20c8, 0x392d, 0x61f4, 0x825a, 0x925c, 0x923c, 0x9a7d, 
	0x9a7d, 0x927d, 0x9a9d, 0x92da, 0xfeff, 0xf71f, 0xf75f, 0xeedf, 0x7a79, 0x8a3c, 0x9a7c, 0x8a5a, 0x7a57, 0x412d, 0x0002, 0x0020, 
	0x0000, 0x0002, 0x8b76, 0xcd1f, 0x7254, 0x388c, 0x30c9, 0x20a6, 0x18c5, 0x18a5, 0x2088, 0x204b, 0x5114, 0x8a7d, 0x9a7d, 0x9a7d, 
	0x9a7d, 0x927d, 0x9abd, 0x92bb, 0xac1a, 0xf6df, 0xf71f, 0xeebf, 0x61d4, 0x7a39, 0x92da, 0x92da, 0x7a58, 0x7ad6, 0x0003, 0x0000, 
	0x0001, 0x1826, 0x9b99, 0xabbd, 0x7215, 0x284b, 0x2088, 0x18c6, 0x18e5, 0x18c5, 0x20c8, 0x208c, 0x40f3, 0x6199, 0x8a3c, 0x9a7d, 
	0x925d, 0x9a7d, 0x9a5c, 0x9a9c, 0x9abb, 0xab9d, 0x8b19, 0x7ab7, 0x6a75, 0xd5bf, 0xdddf, 0x9379, 0x7aba, 0x6236, 0x1887, 0x0001, 
	0x0802, 0x2869, 0xabbc, 0x9b1c, 0x8279, 0x5972, 0x30eb, 0x62ef, 0x18a5, 0x20e7, 0x310c, 0x38f0, 0x4915, 0x6158, 0x8a3c, 0x925c, 
	0x9a7d, 0x9a7d, 0x9a7d, 0x9a5c, 0x9a9d, 0x9a9d, 0x92bc, 0x8b1a, 0xcd9f, 0xf71f, 0xf6ff, 0xd5ff, 0x7299, 0x6a78, 0x6ab2, 0x0002, 
	0x0804, 0x9bb8, 0xa37c, 0x9add, 0x929c, 0x8a99, 0x7275, 0x8355, 0x28a8, 0x28ca, 0x4953, 0x61b9, 0x79fb, 0x81fc, 0x923d, 0x9a7d, 
	0x9a7d, 0x9a7d, 0x929d, 0x9a9d, 0x927d, 0x9a9d, 0x92bd, 0x933b, 0xff5f, 0xef3e, 0xef3e, 0xe69f, 0x6a17, 0x61f7, 0x8bb7, 0x0004, 
	0x1006, 0x9358, 0xa33d, 0x9add, 0x9a9d, 0x929c, 0x8ab9, 0x4930, 0x38ac, 0x40cf, 0x5116, 0x71bc, 0x8a3d, 0x925d, 0x925d, 0x9a7d, 
	0x925d, 0x9a7d, 0x927d, 0x927d, 0xa2de, 0x9a9d, 0x9add, 0x933b, 0xee9f, 0xeeff, 0xf71f, 0xde1f, 0x61f7, 0x69f8, 0x6274, 0x1008, 
	0x304b, 0x9b59, 0xa35d, 0x9ade, 0x9abe, 0x927d, 0x9abc, 0x8a7a, 0x6176, 0x5915, 0x5938, 0x699a, 0x823c, 0x927d, 0x927d, 0x925d, 
	0x927d, 0x9a9d, 0x927d, 0x927d, 0x9abe, 0x9abe, 0x9afd, 0x9b1c, 0x935a, 0xbcbd, 0xc53f, 0x7ab7, 0x61d7, 0x6218, 0x59f3, 0x4990, 
	0x48ce, 0xa35a, 0xab5e, 0x9add, 0x9a9d, 0x9a9d, 0x9a9d, 0x9a9d, 0x929d, 0x8a5d, 0x71da, 0x7a1b, 0x8a5c, 0x8a7c, 0x929d, 0x927d, 
	0x929c, 0x929d, 0x929d, 0x927d, 0x929d, 0x9ade, 0x92bc, 0x9b1d, 0x9b3c, 0x933c, 0x8b1b, 0x7a99, 0x61f9, 0x59d7, 0x61f5, 0x38cf, 
	0x48ae, 0xa33a, 0xb37e, 0x9add, 0x9abd, 0x9abd, 0x9a9d, 0x9a9d, 0x929d, 0x929d, 0x929c, 0x92bc, 0x92dd, 0x9add, 0x9afd, 0xa31e, 
	0xa33e, 0xa35f, 0xa33e, 0xa31e, 0x9abd, 0x92bd, 0x92bc, 0x9afc, 0x9b1c, 0x9b3c, 0x9b3c, 0x931c, 0x725b, 0x723a, 0x59b5, 0x40f1, 
	0x58f0, 0xa33b, 0xab7e, 0x9adc, 0x9add, 0x9add, 0x9abc, 0x9abc, 0x9abd, 0x92bd, 0x9b1e, 0x92dc, 0x8abb, 0x8a9a, 0x827a, 0x7a5a, 
	0x7a5a, 0x7a39, 0x825b, 0x8abc, 0x9b1e, 0x9add, 0x929c, 0x9adc, 0x9afc, 0x92fc, 0x9b1d, 0x92fd, 0x7a5b, 0x723b, 0x59b6, 0x935c, 
	0x8a78, 0xa31c, 0xa33d, 0x9afd, 0xa31d, 0x9adc, 0x9afc, 0xa31d, 0xa33e, 0xa37e, 0x829c, 0x69f9, 0x7a79, 0x7ab9, 0x82da, 0x82fb, 
	0x82da, 0x7a7a, 0x6a19, 0x69d9, 0x71fa, 0x8a9d, 0xa31e, 0x8a7b, 0x929c, 0x92bc, 0x9add, 0x92bd, 0x827c, 0x7a7c, 0x5997, 0x935d, 
	0xa31b, 0xa31c, 0xab5e, 0xab5e, 0xab5d, 0xab5d, 0xab7e, 0xab9e, 0xa37e, 0x829b, 0x69f7, 0x7278, 0x93da, 0xa45b, 0x7b37, 0x6274, 
	0x5a33, 0x6a75, 0x59d4, 0x5995, 0x6197, 0x721a, 0x8a7b, 0x9afe, 0x927c, 0x8a3c, 0x8a3c, 0x8a5c, 0x825c, 0x721a, 0x5976, 0x933d, 
	0x7a16, 0x9b1b, 0xab7e, 0xb39f, 0xb39e, 0xb39e, 0xab9e, 0xa35d, 0x8abc, 0x6a18, 0x72b7, 0x49af, 0x1005, 0x0003, 0x0002, 0x0002, 
	0x0002, 0x0003, 0x0804, 0x1006, 0x284d, 0x6a17, 0x7a3a, 0x929d, 0x929d, 0x8a3c, 0x8a1c, 0x821c, 0x825b, 0x69f9, 0x5997, 0x8b5d, 
	0x488f, 0x92fa, 0x9adc, 0xa33e, 0xab5e, 0xa31d, 0x9b1c, 0x8abb, 0x7219, 0x6a37, 0x49d0, 0x0003, 0x0001, 0x0000, 0x0020, 0x0000, 
	0x0000, 0x0000, 0x0000, 0x0802, 0x0805, 0x38ce, 0x7a79, 0x823b, 0x823c, 0x821c, 0x81fc, 0x7a1c, 0x825b, 0x61b7, 0x59b5, 0x6237, 
	0x408e, 0x8ab9, 0x8a9c, 0x8a7d, 0x8a5c, 0x823b, 0x825b, 0x7a5a, 0x69f8, 0x7af7, 0x0004, 0x0001, 0x0000, 0x0000, 0x0000, 0x0000, 
	0x0000, 0x0000, 0x0000, 0x0000, 0x0001, 0x0804, 0x7255, 0x7a39, 0x79fb, 0x79db, 0x79fb, 0x825c, 0x7a5c, 0x5996, 0x59f4, 0x30ee, 
	0x1006, 0x82b6, 0x7a7a, 0x71fa, 0x7a1a, 0x827b, 0x827a, 0x7237, 0x6a75, 0x28cb, 0x0002, 0x0000, 0x0000, 0x0000, 0x0000, 0x0000, 
	0x0000, 0x0000, 0x0000, 0x0000, 0x0000, 0x0802, 0x1007, 0x6a35, 0x71f9, 0x71da, 0x7a3a, 0x7a7a, 0x61f8, 0x59f5, 0x6ad4, 0x0006, 
	0x0802, 0x0805, 0x6213, 0x6215, 0x7257, 0x82f8, 0x7ab7, 0x7af5, 0x5a2f, 0x0002, 0x0000, 0x0000, 0x0000, 0x0000, 0x0000, 0x0000, 
	0x0000, 0x0000, 0x0000, 0x0000, 0x0000, 0x0001, 0x0802, 0x2889, 0x59d4, 0x61d6, 0x7a98, 0x7ab7, 0x6a96, 0x6ab3, 0x0804, 0x0001, 
	0x0000, 0x0001, 0x0005, 0x288a, 0x390c, 0x5a10, 0x6250, 0x1005, 0x0001, 0x0000, 0x0000, 0x0000, 0x0000, 0x0000, 0x0000, 0x0000, 
	0x0000, 0x0000, 0x0000, 0x0000, 0x0000, 0x0000, 0x0800, 0x0002, 0x0806, 0x288c, 0x496e, 0x5a10, 0x520f, 0x0004, 0x0001, 0x0000, 
	0x0000, 0x0000, 0x0001, 0x0002, 0x0003, 0x0002, 0x0002, 0x0000, 0x0000, 0x0000, 0x0000, 0x0000, 0x0000, 0x0000, 0x0000, 0x0000, 
	0x0000, 0x0000, 0x0000, 0x0001, 0x0000, 0x0000, 0x0000, 0x0001, 0x0802, 0x0002, 0x0001, 0x0001, 0x0002, 0x0001, 0x0000, 0x0000, 
	0x0000, 0x0000, 0x0000, 0x0000, 0x0000, 0x0000, 0x0000, 0x0020, 0x0000, 0x0000, 0x0020, 0x0000, 0x0000, 0x0000, 0x0000, 0x0000, 
	0x0000, 0x0000, 0x0000, 0x0000, 0x0000, 0x0000, 0x0000, 0x0000, 0x0000, 0x0000, 0x0000, 0x0000, 0x0000, 0x0000, 0x0000, 0x0000, 
	0x0000, 0x0000, 0x0000, 0x0000, 0x0001, 0x0000, 0x0000, 0x0000, 0x0000, 0x0000, 0x0000, 0x0000, 0x0020, 0x0000, 0x0000, 0x0000, 
	0x0000, 0x0000, 0x0000, 0x0000, 0x0000, 0x0000, 0x0000, 0x0020, 0x0000, 0x0000, 0x0000, 0x0020, 0x0000, 0x0000, 0x0000, 0x0000, 
	0x0000, 0x0000, 0x0020, 0x0000, 0x0000, 0x0000, 0x0000, 0x0000, 0x0000, 0x0000, 0x0000, 0x0000, 0x0000, 0x0000, 0x0000, 0x0000, 
	0x0000, 0x0000, 0x0000, 0x0000, 0x0000, 0x0000, 0x0000, 0x0000, 0x0020, 0x0000, 0x0000, 0x0000, 0x0000, 0x0000, 0x0000, 0x0000
};



















const uint16_t bluetooth48[] = {
	0x0000, 0x0000, 0x0000, 0x0000, 0x0000, 0x0000, 0x0000, 0x0000, 0x0000, 0x0001, 0x0002, 0x0004, 0x0049, 0x19d1, 0x32b6, 0x008c, 
	0x0026, 0x0002, 0x0000, 0x0000, 0x0000, 0x0000, 0x0000, 0x0020, 0x0000, 0x0000, 0x0000, 0x0000, 0x0000, 0x0000, 0x0000, 0x0000, 
	0x0000, 0x0000, 0x0000, 0x0000, 0x0000, 0x0000, 0x0000, 0x0000, 0x0000, 0x0000, 0x0000, 0x0000, 0x0000, 0x0000, 0x0000, 0x0000, 
	0x0000, 0x0000, 0x0000, 0x0000, 0x0000, 0x0000, 0x0000, 0x0000, 0x0000, 0x0001, 0x0002, 0x08c9, 0x4b35, 0x5bfa, 0x645d, 0x4337, 
	0x19ae, 0x0046, 0x0002, 0x0001, 0x0000, 0x0000, 0x0000, 0x0000, 0x0000, 0x0000, 0x0000, 0x0000, 0x0000, 0x0000, 0x0000, 0x0000, 
	0x0000, 0x0000, 0x0000, 0x0000, 0x0000, 0x0000, 0x0000, 0x0000, 0x0000, 0x0000, 0x0000, 0x0000, 0x0000, 0x0000, 0x0000, 0x0000, 
	0x0000, 0x0000, 0x0000, 0x0000, 0x0000, 0x0000, 0x0000, 0x0000, 0x0000, 0x0001, 0x0004, 0x3a92, 0x539a, 0x541d, 0x5c5e, 0x4bbb, 
	0x3b18, 0x19d1, 0x0068, 0x0003, 0x0001, 0x0000, 0x0000, 0x0000, 0x0000, 0x0000, 0x0000, 0x0000, 0x0000, 0x0000, 0x0000, 0x0000, 
	0x0000, 0x0000, 0x0000, 0x0000, 0x0000, 0x0000, 0x0000, 0x0000, 0x0000, 0x0000, 0x0000, 0x0000, 0x0000, 0x0000, 0x0000, 0x0000, 
	0x0000, 0x0000, 0x0000, 0x0000, 0x0000, 0x0000, 0x0000, 0x0000, 0x0000, 0x0001, 0x0005, 0x42f5, 0x643d, 0x53fd, 0x4bbc, 0x4bdd, 
	0x439c, 0x3b19, 0x2a32, 0x0068, 0x0003, 0x0001, 0x0000, 0x0000, 0x0000, 0x0000, 0x0000, 0x0000, 0x0000, 0x0000, 0x0000, 0x0000, 
	0x0000, 0x0000, 0x0000, 0x0000, 0x0000, 0x0000, 0x0000, 0x0000, 0x0000, 0x0000, 0x0000, 0x0000, 0x0000, 0x0000, 0x0000, 0x0000, 
	0x0000, 0x0000, 0x0000, 0x0000, 0x0000, 0x0000, 0x0000, 0x0000, 0x0020, 0x0001, 0x0005, 0x42f4, 0x6c7d, 0x4bdc, 0x439c, 0x4bbd, 
	0x43bd, 0x439c, 0x32f9, 0x2a54, 0x0027, 0x0003, 0x0001, 0x0000, 0x0000, 0x0000, 0x0000, 0x0000, 0x0000, 0x0000, 0x0000, 0x0000, 
	0x0000, 0x0000, 0x0000, 0x0000, 0x0000, 0x0000, 0x0000, 0x0000, 0x0000, 0x0000, 0x0000, 0x0000, 0x0000, 0x0000, 0x0000, 0x0000, 
	0x0000, 0x0000, 0x0000, 0x0000, 0x0000, 0x0000, 0x0000, 0x0000, 0x0000, 0x0002, 0x0006, 0x4b15, 0x6c5c, 0x4bbc, 0x3b5c, 0x439d, 
	0x4bde, 0x439d, 0x437d, 0x3af9, 0x3253, 0x0007, 0x0003, 0x0001, 0x0000, 0x0000, 0x0000, 0x0000, 0x0000, 0x0000, 0x0000, 0x0000, 
	0x0000, 0x0000, 0x0000, 0x0000, 0x0000, 0x0000, 0x0000, 0x0000, 0x0000, 0x0000, 0x0000, 0x0000, 0x0000, 0x0000, 0x0000, 0x0000, 
	0x0000, 0x0000, 0x0000, 0x0000, 0x0000, 0x0000, 0x0000, 0x0000, 0x0000, 0x0002, 0x0007, 0x4316, 0x6c7d, 0x4bbc, 0x3b5c, 0x32fb, 
	0x3b7c, 0x4bde, 0x4bbd, 0x435c, 0x32f9, 0x2234, 0x0048, 0x0003, 0x0000, 0x0000, 0x0000, 0x0000, 0x0000, 0x0000, 0x0000, 0x0000, 
	0x0000, 0x0000, 0x0000, 0x0000, 0x0000, 0x0000, 0x0000, 0x0000, 0x0000, 0x0000, 0x0000, 0x0000, 0x0000, 0x0000, 0x0000, 0x0000, 
	0x0000, 0x0000, 0x0000, 0x0000, 0x0000, 0x0000, 0x0000, 0x0000, 0x0000, 0x0002, 0x0007, 0x4316, 0x6c7d, 0x4bdc, 0x437d, 0x1a7a, 
	0x2adb, 0x437d, 0x4bbd, 0x4bbd, 0x3b7d, 0x32d9, 0x2212, 0x0068, 0x0002, 0x0000, 0x0000, 0x0000, 0x0000, 0x0000, 0x0000, 0x0000, 
	0x0000, 0x0000, 0x0000, 0x0000, 0x0000, 0x0000, 0x0001, 0x0002, 0x0002, 0x0002, 0x0002, 0x0001, 0x0000, 0x0000, 0x0000, 0x0000, 
	0x0000, 0x0000, 0x0000, 0x0000, 0x0000, 0x0000, 0x0000, 0x0000, 0x0000, 0x0002, 0x0006, 0x4316, 0x6c7d, 0x4bdd, 0x3b5c, 0x1a9a, 
	0x1219, 0x2adb, 0x437d, 0x4bdd, 0x43bd, 0x439c, 0x32f9, 0x19d2, 0x0068, 0x0003, 0x0001, 0x0000, 0x0000, 0x0000, 0x0000, 0x0000, 
	0x0000, 0x0000, 0x0001, 0x0000, 0x0000, 0x0000, 0x0003, 0x08c8, 0x21ef, 0x21ef, 0x196c, 0x0004, 0x0001, 0x0000, 0x0000, 0x0000, 
	0x0000, 0x0000, 0x0000, 0x0000, 0x0000, 0x0000, 0x0000, 0x0000, 0x0000, 0x0001, 0x0006, 0x4315, 0x6c5d, 0x53dd, 0x3b7d, 0x1a7a, 
	0x09b6, 0x2259, 0x2ada, 0x437c, 0x4bfe, 0x43bd, 0x3b5c, 0x32d9, 0x21d1, 0x0027, 0x0003, 0x0001, 0x0000, 0x0000, 0x0000, 0x0000, 
	0x0000, 0x0000, 0x0000, 0x0000, 0x0000, 0x0001, 0x0087, 0x3ab3, 0x6c3c, 0x539a, 0x3274, 0x0007, 0x0002, 0x0000, 0x0000, 0x0000, 
	0x0000, 0x0001, 0x0000, 0x0000, 0x0000, 0x0000, 0x0000, 0x0000, 0x0000, 0x0002, 0x0006, 0x4b15, 0x6c5d, 0x539c, 0x435d, 0x2258, 
	0x1173, 0x008f, 0x2257, 0x2ada, 0x437c, 0x53fe, 0x439d, 0x437c, 0x32d9, 0x21f2, 0x0026, 0x0001, 0x0000, 0x0000, 0x0000, 0x0000, 
	0x0000, 0x0000, 0x0000, 0x0000, 0x0020, 0x0001, 0x00a8, 0x5397, 0x53fc, 0x435b, 0x2a98, 0x19b1, 0x0004, 0x0021, 0x0000, 0x0000, 
	0x0001, 0x0002, 0x0024, 0x0085, 0x0085, 0x0023, 0x0001, 0x0000, 0x0000, 0x0002, 0x0006, 0x4b15, 0x6c7d, 0x53bc, 0x435d, 0x2a58, 
	0x1971, 0x000a, 0x00ef, 0x2235, 0x32d9, 0x437c, 0x4bdd, 0x43bd, 0x3b5c, 0x32f8, 0x19af, 0x0004, 0x0021, 0x0000, 0x0000, 0x0000, 
	0x0000, 0x0001, 0x0001, 0x0001, 0x0000, 0x0001, 0x00a8, 0x53b8, 0x53dc, 0x439d, 0x32db, 0x2235, 0x0047, 0x0002, 0x0001, 0x0000, 
	0x0021, 0x0024, 0x2210, 0x4b98, 0x4b57, 0x092d, 0x0087, 0x0003, 0x0001, 0x0002, 0x0006, 0x3b15, 0x6c9e, 0x4bbd, 0x435d, 0x2a58, 
	0x2171, 0x0008, 0x0006, 0x090b, 0x2235, 0x32da, 0x3b7c, 0x43de, 0x43be, 0x3b3b, 0x32d7, 0x00ec, 0x0002, 0x0000, 0x0000, 0x0001, 
	0x0002, 0x0024, 0x0045, 0x0003, 0x0001, 0x0002, 0x0068, 0x3ab6, 0x4b9c, 0x4bbe, 0x3b3d, 0x2a78, 0x114e, 0x0004, 0x0002, 0x0001, 
	0x0003, 0x196b, 0x4358, 0x5c1e, 0x5c5e, 0x3b18, 0x2211, 0x0088, 0x0003, 0x0003, 0x0006, 0x3af4, 0x649d, 0x4bdd, 0x433d, 0x2a38, 
	0x1970, 0x0006, 0x0003, 0x0004, 0x008d, 0x2257, 0x2afa, 0x439d, 0x4bde, 0x43be, 0x2ab9, 0x19f2, 0x0003, 0x0000, 0x0001, 0x0003, 
	0x21ac, 0x2a30, 0x3251, 0x112b, 0x0023, 0x0003, 0x0047, 0x21b0, 0x435a, 0x4bde, 0x439e, 0x2ab9, 0x19b1, 0x0068, 0x0002, 0x0000, 
	0x0027, 0x3ab3, 0x53fc, 0x4bdd, 0x4bbd, 0x4b9c, 0x3af9, 0x2213, 0x0089, 0x0005, 0x0007, 0x42f4, 0x6c9c, 0x4bdc, 0x435d, 0x2a79, 
	0x1990, 0x0006, 0x0002, 0x0003, 0x000a, 0x2a77, 0x3b3b, 0x439d, 0x4bde, 0x439d, 0x2a7a, 0x1192, 0x0004, 0x0001, 0x0003, 0x110a, 
	0x4b77, 0x5c3d, 0x53bc, 0x3295, 0x0087, 0x0003, 0x0003, 0x08ea, 0x4338, 0x439c, 0x4bbe, 0x331a, 0x2a35, 0x00ab, 0x0002, 0x0000, 
	0x0006, 0x2a10, 0x3b18, 0x3b3b, 0x4bbd, 0x4bbe, 0x437d, 0x3af9, 0x2a12, 0x002a, 0x0008, 0x4315, 0x6c9d, 0x4bdc, 0x3b5d, 0x2279, 
	0x1190, 0x0006, 0x0003, 0x0005, 0x2212, 0x433a, 0x4b9d, 0x4bdf, 0x4bbf, 0x3b1c, 0x19f6, 0x1150, 0x0003, 0x0001, 0x0004, 0x3a71, 
	0x53fc, 0x4bde, 0x437d, 0x3297, 0x21cf, 0x0004, 0x0002, 0x0004, 0x19f1, 0x4bbc, 0x53fe, 0x3b3b, 0x2a78, 0x00ce, 0x0004, 0x0000, 
	0x0002, 0x0087, 0x2234, 0x32da, 0x3b3c, 0x4bde, 0x4b9d, 0x4b7c, 0x3ada, 0x2216, 0x002d, 0x3af7, 0x6c7e, 0x4bbc, 0x3b5d, 0x2278, 
	0x1190, 0x0008, 0x0028, 0x21f1, 0x4339, 0x4bbd, 0x4bbe, 0x4bbe, 0x3b3d, 0x1a17, 0x1971, 0x0048, 0x0003, 0x0002, 0x0005, 0x3232, 
	0x645e, 0x4bbd, 0x439d, 0x32d9, 0x2234, 0x0007, 0x0002, 0x0002, 0x198e, 0x53db, 0x4bdd, 0x437d, 0x2a9a, 0x19d4, 0x0047, 0x0002, 
	0x0000, 0x0003, 0x00cc, 0x2214, 0x2298, 0x3b5c, 0x4bbd, 0x4b9d, 0x437d, 0x32db, 0x19f6, 0x3b19, 0x647f, 0x4bdd, 0x437d, 0x2278, 
	0x11b2, 0x002b, 0x11b2, 0x4359, 0x4bbc, 0x4bde, 0x4bbe, 0x3b1c, 0x2238, 0x0951, 0x08aa, 0x0004, 0x0001, 0x0022, 0x0004, 0x194d, 
	0x3af8, 0x4bde, 0x4bde, 0x32fa, 0x2237, 0x00ad, 0x0002, 0x0002, 0x090b, 0x4b78, 0x53dc, 0x4bbe, 0x2adc, 0x19f5, 0x0048, 0x0002, 
	0x0000, 0x0001, 0x0004, 0x00ca, 0x2234, 0x2ab9, 0x435c, 0x4b9e, 0x4bbe, 0x3b5c, 0x32fb, 0x32fa, 0x645f, 0x4bbc, 0x3b5c, 0x2259, 
	0x0995, 0x11d5, 0x3b3a, 0x4b9c, 0x4bdc, 0x4bdd, 0x433d, 0x2218, 0x1172, 0x00ab, 0x0003, 0x0001, 0x0000, 0x0000, 0x0000, 0x0004, 
	0x3ab6, 0x53de, 0x4bbd, 0x3b3c, 0x2a7a, 0x21b3, 0x0003, 0x0001, 0x0046, 0x3293, 0x53db, 0x53bd, 0x32fc, 0x2216, 0x0068, 0x0003, 
	0x0000, 0x0000, 0x0001, 0x0004, 0x008a, 0x2234, 0x32d9, 0x3b3c, 0x43bd, 0x4bdd, 0x3b7c, 0x3b5c, 0x647f, 0x53dd, 0x435c, 0x227a, 
	0x1a18, 0x3b3c, 0x4bbd, 0x4bbd, 0x53fd, 0x3b1b, 0x2238, 0x1153, 0x008b, 0x0005, 0x0003, 0x0001, 0x0001, 0x0000, 0x0000, 0x0002, 
	0x2a12, 0x53bc, 0x4bbd, 0x439d, 0x2a7b, 0x19d5, 0x0005, 0x0002, 0x0005, 0x2a31, 0x645d, 0x53dd, 0x3b1c, 0x2257, 0x00aa, 0x0004, 
	0x0000, 0x0000, 0x0000, 0x0001, 0x0003, 0x0068, 0x2234, 0x32da, 0x3b3b, 0x4bde, 0x4bdd, 0x43bc, 0x541e, 0x53dd, 0x3b5c, 0x1a59, 
	0x331b, 0x439d, 0x4bdd, 0x4bdd, 0x3b3c, 0x2238, 0x1173, 0x008c, 0x0005, 0x0004, 0x0005, 0x0005, 0x0003, 0x0001, 0x0000, 0x0002, 
	0x008a, 0x5379, 0x5c1d, 0x4b9d, 0x2abc, 0x19d5, 0x0027, 0x0004, 0x0006, 0x2a11, 0x749d, 0x53bc, 0x433c, 0x2a77, 0x112d, 0x0006, 
	0x0000, 0x0000, 0x0000, 0x0000, 0x0000, 0x0003, 0x006a, 0x2255, 0x2ab9, 0x3b5c, 0x4bdd, 0x4bbd, 0x4b9c, 0x4bbd, 0x435c, 0x2279, 
	0x43be, 0x4bde, 0x4bdd, 0x3b3a, 0x1a17, 0x1173, 0x008c, 0x0006, 0x0004, 0x0005, 0x3a92, 0x3ad4, 0x21ae, 0x0005, 0x0001, 0x0002, 
	0x0027, 0x4b57, 0x643d, 0x4bbd, 0x32fc, 0x2237, 0x08eb, 0x0005, 0x0006, 0x29d0, 0x6c5c, 0x53bc, 0x437d, 0x2a78, 0x1991, 0x0008, 
	0x0000, 0x0000, 0x0020, 0x0000, 0x0000, 0x0001, 0x0003, 0x0089, 0x2213, 0x2ab9, 0x3b5c, 0x43bd, 0x4bbd, 0x53de, 0x4bbd, 0x437c, 
	0x4bbe, 0x4bbe, 0x3b3c, 0x2257, 0x1193, 0x00ac, 0x0004, 0x0003, 0x0048, 0x3293, 0x5bfa, 0x647e, 0x4339, 0x19b1, 0x0025, 0x0003, 
	0x0048, 0x4b36, 0x643d, 0x53dd, 0x32fc, 0x1a17, 0x112d, 0x0006, 0x0006, 0x218e, 0x6c3c, 0x53dd, 0x4b9d, 0x2a78, 0x1991, 0x0009, 
	0x0000, 0x0000, 0x0000, 0x0000, 0x0000, 0x0000, 0x0001, 0x0004, 0x00ad, 0x1a36, 0x22b9, 0x3b5d, 0x439d, 0x4bde, 0x4bbd, 0x53dd, 
	0x4bbe, 0x3b1c, 0x1a39, 0x0974, 0x00ad, 0x0006, 0x0001, 0x0002, 0x19ae, 0x4b99, 0x53dc, 0x5c5f, 0x435d, 0x2a56, 0x0088, 0x0003, 
	0x0027, 0x4b57, 0x641c, 0x53dd, 0x3b1c, 0x1a37, 0x090d, 0x0006, 0x0005, 0x110b, 0x641b, 0x53dc, 0x437d, 0x32b9, 0x1151, 0x000a, 
	0x0000, 0x0000, 0x0000, 0x0000, 0x0000, 0x0001, 0x0001, 0x0004, 0x00cd, 0x2277, 0x331b, 0x3b7d, 0x4bbe, 0x53fe, 0x4bbd, 0x4bdd, 
	0x4bbd, 0x3b3b, 0x2a9a, 0x19f5, 0x0069, 0x0004, 0x0001, 0x0002, 0x21d0, 0x5bfc, 0x4bbc, 0x4bde, 0x32fc, 0x2216, 0x0088, 0x0004, 
	0x0048, 0x4b16, 0x641d, 0x53bd, 0x331c, 0x2237, 0x090e, 0x0006, 0x0005, 0x08ea, 0x5bfa, 0x53dd, 0x4b9d, 0x2a98, 0x1991, 0x000a, 
	0x0000, 0x0000, 0x0000, 0x0000, 0x0000, 0x0001, 0x0003, 0x08ea, 0x3296, 0x3b5b, 0x439d, 0x4bde, 0x4bbd, 0x4bbd, 0x53de, 0x3b3b, 
	0x4bbd, 0x4bbd, 0x437d, 0x3af9, 0x2211, 0x0026, 0x0002, 0x0003, 0x112c, 0x4b38, 0x32fa, 0x32fb, 0x2259, 0x19b3, 0x0047, 0x0003, 
	0x0007, 0x4b36, 0x643d, 0x53de, 0x331c, 0x1a17, 0x090e, 0x0006, 0x0005, 0x112b, 0x641b, 0x53dd, 0x437d, 0x2a78, 0x1991, 0x000a, 
	0x0000, 0x0000, 0x0000, 0x0000, 0x0000, 0x0003, 0x008a, 0x32b7, 0x435b, 0x439d, 0x4bdd, 0x4bdd, 0x3b5b, 0x53bd, 0x433c, 0x1a18, 
	0x3b1c, 0x4b9e, 0x4b9e, 0x437c, 0x32f9, 0x2a74, 0x0005, 0x0003, 0x0026, 0x218f, 0x2a16, 0x21d7, 0x1993, 0x08ed, 0x0024, 0x0002, 
	0x0047, 0x5377, 0x643d, 0x4bbd, 0x32fb, 0x19f6, 0x08ec, 0x0005, 0x0006, 0x218e, 0x6c3c, 0x53dd, 0x437d, 0x2a78, 0x1971, 0x0009, 
	0x0000, 0x0000, 0x0000, 0x0001, 0x0003, 0x0068, 0x3af7, 0x3b3b, 0x4bbd, 0x4bbd, 0x4bbd, 0x331a, 0x32f9, 0x4b9d, 0x435d, 0x1a39, 
	0x227a, 0x3afc, 0x4b9e, 0x4bbe, 0x3b5c, 0x3319, 0x2a11, 0x0047, 0x0005, 0x0006, 0x192f, 0x1110, 0x088b, 0x0005, 0x0001, 0x0002, 
	0x0047, 0x4b57, 0x5c1d, 0x4bbd, 0x32db, 0x19f5, 0x0089, 0x0004, 0x0006, 0x29f0, 0x6c5d, 0x53bd, 0x435d, 0x2a58, 0x114f, 0x0008, 
	0x0000, 0x0000, 0x0021, 0x0003, 0x00cb, 0x3ad7, 0x3b3b, 0x437d, 0x439d, 0x4bbd, 0x32fb, 0x2279, 0x645f, 0x4bbd, 0x433d, 0x225a, 
	0x19d8, 0x2a5a, 0x3b1d, 0x4b9d, 0x4bbd, 0x435b, 0x32d8, 0x19f2, 0x0048, 0x0004, 0x0004, 0x0003, 0x0001, 0x0021, 0x0000, 0x0003, 
	0x00ec, 0x4b79, 0x541d, 0x4bbd, 0x2a7b, 0x1994, 0x0026, 0x0002, 0x0005, 0x2a31, 0x6c7e, 0x4b9d, 0x3b3d, 0x2237, 0x08ed, 0x0006, 
	0x0000, 0x0001, 0x0003, 0x010b, 0x2ab6, 0x3b5b, 0x4b9d, 0x4bbe, 0x4bbd, 0x32da, 0x11f7, 0x2a79, 0x6c7f, 0x4bbd, 0x435d, 0x2219, 
	0x1175, 0x0954, 0x2a78, 0x3b1b, 0x4bbd, 0x4bdd, 0x435c, 0x32d8, 0x21f1, 0x0026, 0x0002, 0x0000, 0x0000, 0x0020, 0x0000, 0x0004, 
	0x3273, 0x53dc, 0x53fd, 0x435c, 0x2239, 0x1152, 0x0004, 0x0001, 0x0005, 0x3272, 0x645d, 0x53de, 0x3b1d, 0x19f6, 0x008a, 0x0004, 
	0x0000, 0x0003, 0x010c, 0x2a96, 0x3b5b, 0x43bd, 0x439c, 0x4bbd, 0x32bb, 0x19f7, 0x0133, 0x3af9, 0x643e, 0x53bd, 0x3b3d, 0x2258, 
	0x0951, 0x004c, 0x0951, 0x2a76, 0x32fa, 0x4bbe, 0x4bbe, 0x435c, 0x32d9, 0x21f2, 0x0006, 0x0002, 0x0000, 0x0000, 0x0001, 0x0005, 
	0x4318, 0x53de, 0x4bde, 0x3b3b, 0x2238, 0x08ef, 0x0003, 0x0001, 0x0028, 0x32b5, 0x53db, 0x4bdd, 0x32fc, 0x19d5, 0x0068, 0x0002, 
	0x0002, 0x00a7, 0x32b6, 0x3b3b, 0x439d, 0x4bbe, 0x4bbd, 0x32ba, 0x19d6, 0x0932, 0x000c, 0x42f8, 0x6c5f, 0x53bd, 0x435d, 0x2257, 
	0x1990, 0x0008, 0x0008, 0x1990, 0x2a97, 0x32fb, 0x4b9e, 0x4bbe, 0x3b5c, 0x32b8, 0x2a32, 0x0005, 0x0002, 0x0001, 0x0003, 0x21ad, 
	0x4b59, 0x4bde, 0x4bbe, 0x32da, 0x19b4, 0x004a, 0x0002, 0x0002, 0x116e, 0x53ba, 0x4bdb, 0x4bdd, 0x2a99, 0x1193, 0x0046, 0x0001, 
	0x0005, 0x116d, 0x4359, 0x439d, 0x4b9d, 0x53be, 0x32bb, 0x21d6, 0x1130, 0x002a, 0x0009, 0x42f6, 0x6c5e, 0x53bd, 0x3b5c, 0x2257, 
	0x1170, 0x0006, 0x0003, 0x0005, 0x1991, 0x2a58, 0x32fb, 0x4bde, 0x43bd, 0x3b5b, 0x3298, 0x1990, 0x0004, 0x0002, 0x0005, 0x3a72, 
	0x643c, 0x4bbd, 0x4b7e, 0x2a38, 0x1971, 0x0006, 0x0002, 0x0003, 0x19d0, 0x53fc, 0x4bdd, 0x437b, 0x2a57, 0x1130, 0x0025, 0x0001, 
	0x0026, 0x42d3, 0x53bc, 0x4b9e, 0x4b7d, 0x3aba, 0x21d6, 0x0910, 0x0049, 0x0005, 0x0007, 0x4315, 0x6c5d, 0x53bc, 0x3b5c, 0x2257, 
	0x1950, 0x0006, 0x0002, 0x0003, 0x000a, 0x2216, 0x2ada, 0x3b5c, 0x4bfe, 0x43bd, 0x2a79, 0x1992, 0x0004, 0x0002, 0x0004, 0x29f0, 
	0x5bdb, 0x435b, 0x3abb, 0x21d5, 0x08cc, 0x0004, 0x0002, 0x0046, 0x2a54, 0x4bbc, 0x53fe, 0x3b5b, 0x21d5, 0x008c, 0x0003, 0x0000, 
	0x0004, 0x21ad, 0x3ab8, 0x3afc, 0x327a, 0x21b5, 0x112f, 0x0048, 0x0003, 0x0003, 0x0006, 0x4315, 0x6c7d, 0x4bbc, 0x433d, 0x2237, 
	0x1970, 0x0006, 0x0003, 0x0004, 0x00ee, 0x2ad9, 0x3b5b, 0x43bd, 0x4bde, 0x3b3c, 0x2238, 0x1171, 0x0004, 0x0000, 0x0002, 0x08a9, 
	0x3254, 0x2a57, 0x21f6, 0x1951, 0x0046, 0x0002, 0x0003, 0x110b, 0x4b59, 0x4bbe, 0x4bde, 0x2ab9, 0x19b3, 0x006a, 0x0003, 0x0000, 
	0x0001, 0x0025, 0x114f, 0x21f5, 0x1994, 0x110f, 0x0067, 0x0002, 0x0000, 0x0001, 0x0005, 0x42f4, 0x6c7c, 0x53bc, 0x433d, 0x2238, 
	0x1170, 0x0007, 0x0005, 0x092b, 0x32b6, 0x3b5b, 0x43dd, 0x4bde, 0x435d, 0x3299, 0x19b4, 0x090d, 0x0002, 0x0000, 0x0001, 0x0003, 
	0x008a, 0x00cd, 0x08cd, 0x0069, 0x0002, 0x0001, 0x0066, 0x3231, 0x4b9b, 0x53de, 0x435d, 0x2216, 0x1130, 0x0008, 0x0002, 0x0000, 
	0x0001, 0x0002, 0x0024, 0x0046, 0x0046, 0x0025, 0x0002, 0x0000, 0x0000, 0x0001, 0x0005, 0x42f4, 0x6c7d, 0x53bd, 0x433d, 0x2238, 
	0x1191, 0x0009, 0x012f, 0x32b6, 0x435b, 0x4bbd, 0x4bdd, 0x437d, 0x2a7a, 0x19b5, 0x192f, 0x0005, 0x0001, 0x0020, 0x0000, 0x0001, 
	0x0002, 0x0023, 0x0003, 0x0002, 0x0001, 0x0002, 0x00a8, 0x4336, 0x4bbb, 0x4bdd, 0x3afc, 0x19d6, 0x08ac, 0x0005, 0x0001, 0x0000, 
	0x0000, 0x0000, 0x0001, 0x0001, 0x0001, 0x0001, 0x0020, 0x0000, 0x0000, 0x0001, 0x0006, 0x42f5, 0x6c7d, 0x539c, 0x3b3d, 0x2258, 
	0x0972, 0x00cf, 0x32d8, 0x3b5b, 0x4b9d, 0x53de, 0x4b7d, 0x3299, 0x19b5, 0x1110, 0x0006, 0x0003, 0x0001, 0x0000, 0x0020, 0x0000, 
	0x0000, 0x0000, 0x0000, 0x0020, 0x0000, 0x0003, 0x00a9, 0x5398, 0x53fc, 0x435c, 0x2238, 0x1152, 0x0028, 0x0002, 0x0000, 0x0000, 
	0x0000, 0x0000, 0x0000, 0x0000, 0x0001, 0x0001, 0x0000, 0x0000, 0x0000, 0x0001, 0x0006, 0x42f6, 0x6c5e, 0x4b9c, 0x435c, 0x1a59, 
	0x09b6, 0x2ada, 0x3b5c, 0x4bbd, 0x53be, 0x4b5d, 0x329b, 0x1995, 0x112f, 0x0006, 0x0003, 0x0001, 0x0000, 0x0000, 0x0000, 0x0000, 
	0x0000, 0x0000, 0x0000, 0x0000, 0x0000, 0x0002, 0x0089, 0x4317, 0x4b3b, 0x32ba, 0x21d5, 0x00ad, 0x0004, 0x0001, 0x0000, 0x0000, 
	0x0000, 0x0000, 0x0000, 0x0000, 0x0000, 0x0000, 0x0000, 0x0000, 0x0000, 0x0002, 0x0006, 0x42f6, 0x6c5d, 0x53bc, 0x437c, 0x1a59, 
	0x1239, 0x3b5d, 0x439d, 0x4bbe, 0x435d, 0x329a, 0x1996, 0x08f0, 0x0027, 0x0002, 0x0001, 0x0000, 0x0000, 0x0000, 0x0000, 0x0000, 
	0x0000, 0x0000, 0x0000, 0x0000, 0x0000, 0x0002, 0x0026, 0x198f, 0x2a14, 0x21d4, 0x112f, 0x0007, 0x0002, 0x0000, 0x0000, 0x0000, 
	0x0000, 0x0000, 0x0000, 0x0000, 0x0000, 0x0000, 0x0000, 0x0000, 0x0000, 0x0002, 0x0006, 0x42f5, 0x6c7d, 0x53bc, 0x3b3c, 0x1a59, 
	0x3b5d, 0x43be, 0x4bbe, 0x435d, 0x2a7a, 0x1995, 0x110f, 0x0027, 0x0003, 0x0000, 0x0000, 0x0000, 0x0000, 0x0000, 0x0000, 0x0000, 
	0x0000, 0x0000, 0x0000, 0x0000, 0x0000, 0x0000, 0x0002, 0x0024, 0x08c8, 0x00a8, 0x0065, 0x0003, 0x0001, 0x0000, 0x0000, 0x0000, 
	0x0000, 0x0000, 0x0000, 0x0000, 0x0000, 0x0000, 0x0000, 0x0000, 0x0000, 0x0001, 0x0006, 0x42f5, 0x6c7d, 0x4b9b, 0x435c, 0x32fb, 
	0x439d, 0x4bde, 0x435d, 0x2a99, 0x19d6, 0x0910, 0x0027, 0x0003, 0x0000, 0x0000, 0x0000, 0x0000, 0x0000, 0x0000, 0x0000, 0x0000, 
	0x0000, 0x0000, 0x0000, 0x0000, 0x0000, 0x0000, 0x0000, 0x0001, 0x0001, 0x0002, 0x0001, 0x0000, 0x0000, 0x0000, 0x0000, 0x0000, 
	0x0000, 0x0000, 0x0000, 0x0000, 0x0000, 0x0000, 0x0000, 0x0000, 0x0000, 0x0001, 0x0006, 0x42f5, 0x6c5c, 0x4bbc, 0x3b3b, 0x4b9d, 
	0x53de, 0x4b7d, 0x2a7a, 0x19b5, 0x090e, 0x0006, 0x0003, 0x0000, 0x0000, 0x0000, 0x0000, 0x0000, 0x0000, 0x0000, 0x0000, 0x0000, 
	0x0000, 0x0000, 0x0000, 0x0000, 0x0000, 0x0000, 0x0000, 0x0000, 0x0001, 0x0001, 0x0000, 0x0000, 0x0000, 0x0000, 0x0000, 0x0000, 
	0x0000, 0x0000, 0x0000, 0x0000, 0x0000, 0x0000, 0x0000, 0x0000, 0x0000, 0x0001, 0x0006, 0x42d5, 0x6c7d, 0x4bbc, 0x437c, 0x53be, 
	0x4b7d, 0x3279, 0x19b5, 0x1110, 0x0006, 0x0002, 0x0000, 0x0000, 0x0000, 0x0000, 0x0000, 0x0000, 0x0000, 0x0000, 0x0000, 0x0000, 
	0x0000, 0x0000, 0x0000, 0x0000, 0x0000, 0x0000, 0x0000, 0x0000, 0x0000, 0x0000, 0x0000, 0x0000, 0x0000, 0x0000, 0x0000, 0x0000, 
	0x0000, 0x0000, 0x0000, 0x0000, 0x0000, 0x0000, 0x0000, 0x0000, 0x0000, 0x0001, 0x0006, 0x42d5, 0x645d, 0x4bbc, 0x53bd, 0x4b3c, 
	0x2a79, 0x1995, 0x10ee, 0x0027, 0x0002, 0x0000, 0x0000, 0x0000, 0x0000, 0x0000, 0x0000, 0x0000, 0x0000, 0x0000, 0x0000, 0x0000, 
	0x0000, 0x0000, 0x0000, 0x0000, 0x0000, 0x0000, 0x0000, 0x0000, 0x0000, 0x0000, 0x0000, 0x0001, 0x0001, 0x0000, 0x0000, 0x0000, 
	0x0000, 0x0000, 0x0000, 0x0000, 0x0000, 0x0000, 0x0000, 0x0000, 0x0000, 0x0001, 0x0005, 0x3a52, 0x4b7a, 0x435b, 0x433c, 0x3279, 
	0x19b5, 0x090f, 0x0007, 0x0003, 0x0000, 0x0000, 0x0000, 0x0000, 0x0000, 0x0000, 0x0000, 0x0000, 0x0000, 0x0000, 0x0000, 0x0000, 
	0x0000, 0x0000, 0x0000, 0x0000, 0x0000, 0x0000, 0x0000, 0x0000, 0x0000, 0x0000, 0x0000, 0x0000, 0x0000, 0x0000, 0x0000, 0x0000, 
	0x0000, 0x0000, 0x0000, 0x0000, 0x0000, 0x0000, 0x0000, 0x0000, 0x0000, 0x0000, 0x0003, 0x08ea, 0x2a14, 0x2238, 0x2219, 0x1174, 
	0x110e, 0x0026, 0x0004, 0x0001, 0x0000, 0x0000, 0x0000, 0x0020, 0x0000, 0x0000, 0x0000, 0x0000, 0x0000, 0x0000, 0x0000, 0x0000, 
	0x0000, 0x0000, 0x0000, 0x0000, 0x0000, 0x0000, 0x0000, 0x0000, 0x0000, 0x0000, 0x0000, 0x0000, 0x0000, 0x0000, 0x0000, 0x0000, 
	0x0000, 0x0000, 0x0000, 0x0000, 0x0000, 0x0000, 0x0000, 0x0000, 0x0000, 0x0000, 0x0001, 0x0005, 0x008e, 0x1176, 0x0936, 0x00b1, 
	0x0008, 0x0003, 0x0002, 0x0001, 0x0000, 0x0000, 0x0000, 0x0000, 0x0000, 0x0000, 0x0000, 0x0000, 0x0000, 0x0000, 0x0000, 0x0000, 
	0x0000, 0x0000, 0x0000, 0x0000, 0x0000, 0x0000, 0x0000, 0x0000, 0x0000, 0x0000, 0x0000, 0x0000, 0x0000, 0x0000, 0x0000, 0x0000
};































const uint16_t infrared48[] = {
	0x0000, 0x0000, 0x0000, 0x0000, 0x0000, 0x0000, 0x0000, 0x0000, 0x0000, 0x0000, 0x0000, 0x0000, 0x0000, 0x0000, 0x0000, 0x0000, 
	0x0000, 0x0000, 0x0000, 0x0000, 0x0000, 0x0000, 0x0000, 0x0020, 0x0000, 0x0000, 0x0000, 0x0000, 0x0000, 0x0000, 0x0000, 0x0000, 
	0x0000, 0x0000, 0x0000, 0x0000, 0x0000, 0x0000, 0x0001, 0x0000, 0x0000, 0x0000, 0x0000, 0x0000, 0x0000, 0x0000, 0x0000, 0x0000, 
	0x0000, 0x0000, 0x0000, 0x0000, 0x0000, 0x0000, 0x0000, 0x0000, 0x0000, 0x0000, 0x0000, 0x0000, 0x0020, 0x0000, 0x0000, 0x0000, 
	0x0000, 0x0000, 0x0000, 0x0000, 0x0020, 0x0000, 0x0000, 0x0000, 0x0000, 0x0000, 0x0000, 0x0000, 0x0000, 0x0000, 0x0000, 0x0000, 
	0x0000, 0x0000, 0x0000, 0x0000, 0x0000, 0x0000, 0x0000, 0x0000, 0x0000, 0x0000, 0x0000, 0x0000, 0x0000, 0x0000, 0x0000, 0x0000, 
	0x0000, 0x0000, 0x0000, 0x0000, 0x0000, 0x0000, 0x0000, 0x0000, 0x0000, 0x0000, 0x0000, 0x0000, 0x0000, 0x0020, 0x0000, 0x0000, 
	0x0000, 0x0000, 0x0000, 0x0000, 0x0000, 0x0000, 0x0000, 0x0000, 0x0000, 0x0000, 0x0000, 0x0000, 0x0000, 0x0000, 0x0000, 0x0000, 
	0x0000, 0x0000, 0x0000, 0x0000, 0x0000, 0x0000, 0x0000, 0x0000, 0x0000, 0x0000, 0x0000, 0x0000, 0x0000, 0x0000, 0x0000, 0x0000, 
	0x0000, 0x0000, 0x0000, 0x0000, 0x0000, 0x0000, 0x0020, 0x0000, 0x0000, 0x0000, 0x0000, 0x0000, 0x0000, 0x0000, 0x0000, 0x0000, 
	0x0000, 0x0000, 0x0000, 0x0000, 0x0000, 0x0000, 0x1000, 0x1000, 0x1800, 0x1000, 0x1000, 0x0800, 0x0800, 0x0800, 0x0800, 0x0000, 
	0x0000, 0x0000, 0x0000, 0x0000, 0x0000, 0x0000, 0x0000, 0x0000, 0x0000, 0x0000, 0x0000, 0x0000, 0x0000, 0x0000, 0x0000, 0x0000, 
	0x0000, 0x0000, 0x0000, 0x0000, 0x0000, 0x0041, 0x8472, 0xbe18, 0xb5d7, 0xb5f8, 0xb5f8, 0xb5f8, 0xb5f8, 0x73cf, 0x4aab, 0x0000, 
	0x0000, 0x0020, 0x0000, 0x0000, 0x0000, 0x1800, 0xc431, 0xecd3, 0xecb3, 0xecf4, 0xb38e, 0x826a, 0x828b, 0x2000, 0x1000, 0x0800, 
	0x0000, 0x0000, 0x0000, 0x0000, 0x0000, 0x0000, 0x0000, 0x0000, 0x0000, 0x0000, 0x0000, 0x0000, 0x0000, 0x0000, 0x0000, 0x0000, 
	0x0000, 0x0000, 0x0000, 0x0000, 0x0000, 0xb5b7, 0xadb7, 0xadb7, 0xadd7, 0xadb7, 0xb5d8, 0xadb7, 0xad96, 0xadb7, 0xadb7, 0x31c7, 
	0x0001, 0x0000, 0x0000, 0x0000, 0x0000, 0x2020, 0xa2ec, 0xb2ec, 0xc32d, 0xc34d, 0xcbaf, 0xd431, 0xdcb3, 0xd4d3, 0xc4b2, 0x2820, 
	0x1000, 0x0800, 0x0000, 0x0000, 0x0000, 0x0000, 0x0000, 0x0000, 0x0000, 0x0000, 0x0000, 0x0000, 0x0000, 0x0000, 0x0000, 0x0000, 
	0x0000, 0x0000, 0x0000, 0x0000, 0x0000, 0xa576, 0xadb7, 0xb5d7, 0xadb7, 0xadb7, 0xadb7, 0xadb7, 0xadb7, 0xad97, 0xad97, 0x8452, 
	0x0000, 0x0000, 0x0000, 0x0000, 0x0000, 0x0800, 0x2861, 0x3862, 0x3862, 0x4082, 0x6966, 0x9249, 0xaaab, 0xc36e, 0xd3cf, 0xe492, 
	0x9aeb, 0x3061, 0x0800, 0x0000, 0x0000, 0x0000, 0x0000, 0x0000, 0x0000, 0x0000, 0x0000, 0x0000, 0x0000, 0x0000, 0x0000, 0x0000, 
	0x0000, 0x0000, 0x0000, 0x0000, 0x0000, 0xa555, 0xa576, 0xb5d7, 0xb5f8, 0xb5f8, 0xadd8, 0xadd8, 0xad97, 0xa576, 0xad97, 0x94f4, 
	0x0000, 0x0000, 0x0000, 0x0000, 0x0000, 0x0800, 0x0800, 0x0800, 0x0800, 0x1000, 0x1800, 0x2000, 0x3000, 0x7946, 0xa249, 0xc32d, 
	0xd411, 0xdcb3, 0x6207, 0x0800, 0x0800, 0x0000, 0x0000, 0x0000, 0x0000, 0x0000, 0x0000, 0x0000, 0x0000, 0x0000, 0x0000, 0x0000, 
	0x0000, 0x0000, 0x0000, 0x0000, 0x0000, 0x9d14, 0xad76, 0xb5f8, 0xb618, 0xb618, 0xb5f8, 0xb5d8, 0xadb7, 0xa576, 0xa576, 0x94d4, 
	0x0021, 0x0000, 0x0000, 0x0000, 0x0000, 0x0000, 0x0000, 0x0800, 0x0800, 0x0800, 0x0800, 0x1000, 0x1000, 0x1000, 0x2800, 0x71a7, 
	0xaa6b, 0xd36f, 0xdc32, 0xbbcf, 0x1000, 0x0000, 0x0000, 0x0000, 0x0000, 0x0000, 0x0000, 0x0000, 0x0000, 0x0000, 0x0000, 0x0020, 
	0x0000, 0x0000, 0x0000, 0x0000, 0x0000, 0x9d14, 0xa576, 0xb5f8, 0xbe39, 0xbe39, 0xbe19, 0xb5f8, 0xadb7, 0xa556, 0xa556, 0x8cb3, 
	0x0062, 0x0000, 0x0000, 0x0000, 0x0000, 0x0800, 0x51c7, 0x51a6, 0x5185, 0x5165, 0x4925, 0x1000, 0x1000, 0x1000, 0x0800, 0x1800, 
	0x4001, 0x99c9, 0xcb0e, 0xd410, 0x930c, 0x1000, 0x0800, 0x0000, 0x0000, 0x0000, 0x0000, 0x0000, 0x0000, 0x0000, 0x0000, 0x0020, 
	0x0000, 0x0000, 0x0000, 0x0000, 0x0000, 0x9cf3, 0xa556, 0xbe18, 0xbe39, 0xbe59, 0xbe39, 0xbe19, 0xadb7, 0xa556, 0x9d35, 0x8c92, 
	0x0882, 0x0000, 0x0000, 0x0000, 0x0000, 0x2020, 0xcc50, 0xd3ef, 0xdc30, 0xec92, 0xe493, 0xcc11, 0x92cc, 0x1800, 0x1000, 0x0800, 
	0x1000, 0x2800, 0x60c3, 0xb32c, 0xcbef, 0xbbef, 0x1800, 0x0800, 0x0000, 0x0000, 0x0000, 0x0000, 0x0000, 0x0000, 0x0000, 0x0000, 
	0x0000, 0x0000, 0x0000, 0x0000, 0x0000, 0x94b3, 0xa555, 0xbe19, 0xbe39, 0xbe39, 0xbe39, 0xb619, 0xad97, 0x9d35, 0x9d15, 0x8472, 
	0x0881, 0x0000, 0x0000, 0x0800, 0x0800, 0x1800, 0x5904, 0x9a69, 0xa249, 0xa249, 0xbaec, 0xcb8f, 0xdc32, 0xd472, 0x61a6, 0x1000, 
	0x0800, 0x0800, 0x1800, 0x6104, 0xbb0c, 0xd3f0, 0x9b0c, 0x1800, 0x0800, 0x0000, 0x0000, 0x0000, 0x0000, 0x0000, 0x0000, 0x0000, 
	0x0000, 0x0000, 0x0000, 0x0000, 0x0000, 0x8c92, 0x9d35, 0xb5f8, 0xbe19, 0xbe19, 0xb619, 0xb5f8, 0xa576, 0x9d15, 0x94f4, 0x8451, 
	0x0881, 0x0020, 0x0000, 0x0000, 0x0000, 0x0000, 0x0800, 0x1000, 0x1000, 0x1800, 0x50c3, 0x81c7, 0xaa8a, 0xcb6e, 0xdc11, 0xdcd4, 
	0x1000, 0x0800, 0x0800, 0x1800, 0x7125, 0xc32d, 0xd3f0, 0xb38f, 0x1000, 0x0000, 0x0000, 0x0000, 0x0000, 0x0000, 0x0000, 0x0000, 
	0x0000, 0x0000, 0x0000, 0x0000, 0x0000, 0x8472, 0x94f4, 0xadb7, 0xb5f8, 0xb5f8, 0xb5d8, 0xadb7, 0xa556, 0x94f4, 0x94d4, 0x7c31, 
	0x0882, 0x0000, 0x0000, 0x0000, 0x0000, 0x0000, 0x0000, 0x0800, 0x0800, 0x1000, 0x1800, 0x2000, 0x5061, 0x8166, 0xc2ec, 0xd3f0, 
	0xb3f0, 0x2020, 0x0800, 0x1000, 0x3000, 0xaacb, 0xcb4e, 0xcbaf, 0x2841, 0x0000, 0x0000, 0x0000, 0x0000, 0x0000, 0x0000, 0x0000, 
	0x0000, 0x0000, 0x0000, 0x0000, 0x0000, 0x8451, 0x8cb3, 0xa576, 0xad97, 0xadb7, 0xa597, 0xa576, 0x9d15, 0x8cb3, 0x8cb3, 0x7c10, 
	0x1082, 0x0000, 0x0000, 0x0000, 0x0000, 0x0800, 0x2821, 0x3000, 0x2000, 0x2000, 0x1000, 0x1000, 0x1000, 0x1800, 0x81c8, 0xb2cc, 
	0xdbcf, 0xdc51, 0x2000, 0x0800, 0x0800, 0x2800, 0xb2ac, 0xd38f, 0x7229, 0x0800, 0x0000, 0x0000, 0x0000, 0x0000, 0x0000, 0x0000, 
	0x0000, 0x0000, 0x0000, 0x0000, 0x0000, 0x7c31, 0x8c93, 0x9d35, 0x9d56, 0xa556, 0x9d56, 0x9d36, 0x94f4, 0x8c93, 0x8c93, 0x7bd0, 
	0x1062, 0x0000, 0x0000, 0x0000, 0x0000, 0x1000, 0xa34d, 0xbb4d, 0x91c7, 0x8186, 0x3000, 0x1800, 0x1000, 0x1000, 0x2800, 0x8186, 
	0xc2ab, 0xdbaf, 0x92ac, 0x1000, 0x0000, 0x1000, 0x89a8, 0xc32e, 0xcc31, 0x2000, 0x0800, 0x0000, 0x0000, 0x0000, 0x0000, 0x0000, 
	0x0000, 0x0000, 0x0000, 0x0000, 0x0000, 0x7bf0, 0x8472, 0x94d4, 0x94f5, 0x94f5, 0x94f5, 0x94f4, 0x8c93, 0x8473, 0x8452, 0x73af, 
	0x1062, 0x0000, 0x0000, 0x0000, 0x0000, 0x1800, 0x7966, 0x9926, 0xb145, 0xc186, 0xc9e7, 0x9124, 0x5061, 0x1800, 0x1000, 0x1800, 
	0x91c8, 0xcb0d, 0xd3d0, 0x58e4, 0x0800, 0x0800, 0x2000, 0xb32d, 0xcb8f, 0x928b, 0x0800, 0x0000, 0x0000, 0x0000, 0x0000, 0x0000, 
	0x0000, 0x0000, 0x0000, 0x0000, 0x0000, 0x73f0, 0x7c31, 0x8c93, 0x8cb4, 0x8cb4, 0x8cb4, 0x8cb4, 0x8452, 0x8452, 0x7c11, 0x738f, 
	0x1041, 0x0800, 0x0000, 0x0000, 0x0000, 0x0800, 0x3000, 0x5000, 0x90c3, 0x98a2, 0xb0e3, 0xb986, 0xb26a, 0x58c3, 0x1000, 0x1000, 
	0x3000, 0x9a4a, 0xd36e, 0xcbf0, 0x1000, 0x0800, 0x1800, 0x8a4a, 0xcb4e, 0xcbaf, 0x2021, 0x0000, 0x0020, 0x0000, 0x0000, 0x0000, 
	0x0000, 0x0000, 0x0000, 0x0000, 0x0000, 0x73d0, 0x7c11, 0x7c52, 0x8472, 0x7c52, 0x7c52, 0x7c52, 0x7c32, 0x7c11, 0x73f0, 0x6b4e, 
	0x1841, 0x1000, 0x0000, 0x0000, 0x0000, 0x0000, 0x1000, 0x1000, 0x1800, 0x2800, 0x6020, 0x9924, 0xb965, 0xca49, 0x2800, 0x1800, 
	0x1800, 0x5904, 0xc2ec, 0xd3cf, 0x61c7, 0x1000, 0x1000, 0x4042, 0xcb2d, 0xd3af, 0x2000, 0x0000, 0x0000, 0x0000, 0x0000, 0x0000, 
	0x0000, 0x0000, 0x0000, 0x0000, 0x0000, 0x6baf, 0x73f0, 0x7411, 0x7c32, 0x7411, 0x7411, 0x7c11, 0x73f1, 0x73f1, 0x73d0, 0x732d, 
	0x9b6e, 0x9b0c, 0x1800, 0x0800, 0x0000, 0x0000, 0x0000, 0x0000, 0x0000, 0x0800, 0x2000, 0x6000, 0xa8c3, 0xc165, 0x91a6, 0x2000, 
	0x1000, 0x1800, 0xbaec, 0xcb6e, 0x7a08, 0x1800, 0x0800, 0x2801, 0xbacc, 0xcb4e, 0x8aeb, 0x0800, 0x0000, 0x0000, 0x0000, 0x0000, 
	0x0000, 0x0000, 0x0000, 0x0000, 0x0000, 0x6b8e, 0x6bb0, 0x73f0, 0x73f1, 0x73f1, 0x73f1, 0x73f1, 0x73d0, 0x6bb0, 0x6b8f, 0x7aec, 
	0x99e8, 0xc249, 0xc2cb, 0x79a6, 0x0800, 0x0000, 0x0000, 0x0000, 0x0000, 0x0000, 0x0800, 0x2000, 0x6800, 0xa944, 0xa1e6, 0x4800, 
	0x1000, 0x1000, 0x68a3, 0xcb4d, 0xbbaf, 0x1800, 0x1000, 0x1800, 0xa209, 0xd34e, 0xb38e, 0x1800, 0x0800, 0x0000, 0x0000, 0x0000, 
	0x0000, 0x0000, 0x0000, 0x0000, 0x0000, 0x634e, 0x6b8f, 0x6bb0, 0x6bb0, 0x6bb0, 0x6bb0, 0x6bb0, 0x6b8f, 0x6b8f, 0x636e, 0x7aab, 
	0xa166, 0xd1c7, 0xc9c7, 0xba8a, 0x2000, 0x0800, 0x0000, 0x0000, 0x0000, 0x0000, 0x0000, 0x1000, 0x3800, 0x9924, 0xa985, 0x6000, 
	0x1800, 0x1000, 0x60e4, 0xc32d, 0xbb8f, 0x2000, 0x0800, 0x1800, 0xa24a, 0xd32e, 0xbb6e, 0x2000, 0x0800, 0x0000, 0x0000, 0x0000, 
	0x0000, 0x0000, 0x0000, 0x0000, 0x0000, 0x632d, 0x636e, 0x636f, 0x636f, 0x636f, 0x636f, 0x636f, 0x636f, 0x634e, 0x5b2e, 0x728b, 
	0xa166, 0xd165, 0xd9a6, 0xb9a6, 0x58c3, 0x1000, 0x0800, 0x0000, 0x0000, 0x0000, 0x0000, 0x1000, 0x2800, 0x78a2, 0xc145, 0xa924, 
	0x1800, 0x0800, 0x3800, 0xb32d, 0xbb4e, 0x50a3, 0x0800, 0x1000, 0xa24a, 0xd34e, 0xb32d, 0x2000, 0x0800, 0x0000, 0x0020, 0x0000, 
	0x0000, 0x0000, 0x0000, 0x0000, 0x0000, 0x5b2d, 0x5b2d, 0x5b2e, 0x5b2e, 0x5b4e, 0x5b2e, 0x5b2e, 0x5b2e, 0x5b2d, 0x5b0d, 0x726a, 
	0x9904, 0xc104, 0xd104, 0xb104, 0x68e3, 0x1800, 0x0800, 0x0000, 0x0000, 0x0000, 0x0000, 0x0800, 0x2000, 0x6862, 0xc0e4, 0xb104, 
	0x2000, 0x0800, 0x2000, 0xb34e, 0xc36f, 0x8a4a, 0x0800, 0x1000, 0xaa8b, 0xd32e, 0xbb6e, 0x2000, 0x0800, 0x0000, 0x0000, 0x0000, 
	0x0000, 0x0000, 0x0000, 0x0000, 0x0000, 0x5b0c, 0x5b0d, 0x5b0d, 0x5b0d, 0x5b0d, 0x5b0d, 0x5b0d, 0x5b0d, 0x5aec, 0x52cc, 0x726a, 
	0x90c3, 0xb862, 0xc082, 0xa8c3, 0x60a2, 0x1800, 0x0800, 0x0000, 0x0000, 0x0000, 0x0000, 0x0800, 0x2000, 0x7062, 0xc0e4, 0xb0e4, 
	0x2000, 0x1000, 0x2000, 0xb34e, 0xc34e, 0x926b, 0x0800, 0x1000, 0xaaab, 0xd34e, 0xbb2d, 0x2000, 0x0800, 0x0000, 0x0000, 0x0000, 
	0x0000, 0x0000, 0x0000, 0x0000, 0x0000, 0x5aec, 0x52ec, 0x52ec, 0x52ed, 0x52cc, 0x52ec, 0x52cc, 0x52cc, 0x52cc, 0x52ab, 0x726a, 
	0x8882, 0xb062, 0xb882, 0x98a3, 0x5082, 0x1000, 0x0000, 0x0000, 0x0000, 0x0000, 0x0000, 0x0800, 0x2800, 0x7882, 0xc104, 0xa8e3, 
	0x2000, 0x0800, 0x3000, 0xbb6f, 0xbb4e, 0x58e4, 0x0800, 0x1000, 0xa26a, 0xd34e, 0xb2ec, 0x2800, 0x0800, 0x0000, 0x0020, 0x0000, 
	0x0000, 0x0000, 0x0000, 0x0000, 0x0000, 0x52cc, 0x52cc, 0x52ac, 0x4aac, 0x4aac, 0x4aac, 0x4a8b, 0x4aab, 0x4a8b, 0x4a8b, 0x6a4a, 
	0x88c3, 0xa061, 0xa082, 0x9125, 0x2000, 0x0000, 0x0000, 0x0000, 0x0000, 0x0000, 0x0000, 0x1000, 0x4000, 0xa165, 0xa924, 0x6800, 
	0x1800, 0x1000, 0x6125, 0xcbaf, 0xb30d, 0x2800, 0x0800, 0x1000, 0xaa8b, 0xd34e, 0xb2ec, 0x2800, 0x0800, 0x0000, 0x0000, 0x0020, 
	0x0000, 0x0000, 0x0000, 0x0000, 0x0000, 0x52cb, 0x4aab, 0x4a8b, 0x4a8b, 0x4a8b, 0x4a8b, 0x4a6b, 0x4a6b, 0x4a6b, 0x4a6a, 0x624a, 
	0x7104, 0x8903, 0x78c3, 0x3000, 0x1000, 0x0000, 0x0000, 0x0000, 0x0000, 0x0000, 0x0800, 0x2000, 0x7841, 0xb165, 0x9144, 0x4000, 
	0x1000, 0x1000, 0x6904, 0xcb8e, 0xa2ec, 0x2000, 0x0800, 0x1800, 0xaa8a, 0xcb0d, 0xaaec, 0x2000, 0x0800, 0x0000, 0x0000, 0x0000, 
	0x0000, 0x0000, 0x0000, 0x0000, 0x0000, 0x528b, 0x4a6a, 0x4a6b, 0x426b, 0x426b, 0x426a, 0x426a, 0x424a, 0x424a, 0x4a4a, 0x526a, 
	0x4945, 0x1800, 0x1000, 0x1000, 0x0800, 0x0000, 0x0000, 0x0000, 0x0000, 0x0800, 0x2000, 0x8104, 0xc9a6, 0xb104, 0x7904, 0x2000, 
	0x0800, 0x1000, 0xdbf0, 0xcb2d, 0x79c7, 0x1800, 0x0800, 0x2821, 0xc2ec, 0xcb2d, 0x8a8a, 0x0800, 0x0000, 0x0000, 0x0000, 0x0000, 
	0x0000, 0x0000, 0x0000, 0x0000, 0x0000, 0x4a8a, 0x424a, 0x424a, 0x424a, 0x422a, 0x424a, 0x422a, 0x4229, 0x4229, 0x424a, 0x4a8a, 
	0x0000, 0x0000, 0x0020, 0x0000, 0x0000, 0x0800, 0x0800, 0x1000, 0x1000, 0x2800, 0x70c3, 0xca6a, 0xb925, 0xa104, 0x2800, 0x1000, 
	0x1000, 0x7208, 0xd38f, 0xc2ed, 0x50e4, 0x1000, 0x0800, 0x3882, 0xd36e, 0xc30c, 0x2000, 0x0000, 0x0000, 0x0000, 0x0000, 0x0000, 
	0x0000, 0x0000, 0x0000, 0x0000, 0x0000, 0x4a6a, 0x4229, 0x3a09, 0x3a09, 0x3a09, 0x3a09, 0x3a09, 0x3a09, 0x3a09, 0x4229, 0x4a6a, 
	0x0000, 0x0000, 0x0000, 0x0000, 0x0000, 0x1000, 0x3000, 0x4800, 0xc2cb, 0xca69, 0xda49, 0xb124, 0x9104, 0x4800, 0x1800, 0x1000, 
	0x2000, 0xb32d, 0xd32e, 0xa24a, 0x1000, 0x0000, 0x1000, 0x8249, 0xcb4d, 0xb28b, 0x2000, 0x0000, 0x0020, 0x0000, 0x0000, 0x0000, 
	0x0000, 0x0000, 0x0000, 0x0000, 0x0000, 0x4a6a, 0x3a09, 0x3a08, 0x39e8, 0x39e9, 0x39e9, 0x39e8, 0x39e8, 0x39e8, 0x4209, 0x4a6a, 
	0x0000, 0x0000, 0x0000, 0x0000, 0x0000, 0x1800, 0x81c7, 0xaa08, 0xb9c7, 0xb145, 0xa0e3, 0x7861, 0x4800, 0x1800, 0x1000, 0x1800, 
	0xb36e, 0xd38f, 0xbaac, 0x5042, 0x0800, 0x0000, 0x1800, 0xbbcf, 0xc32d, 0x7966, 0x1000, 0x0000, 0x0000, 0x0000, 0x0000, 0x0000, 
	0x0000, 0x0000, 0x0000, 0x0000, 0x0000, 0x4229, 0x39e8, 0x31e8, 0x31c8, 0x31c8, 0x31c8, 0x31c8, 0x39c8, 0x39c8, 0x39e8, 0x4a6a, 
	0x0000, 0x0000, 0x0000, 0x0000, 0x0000, 0x1000, 0x6904, 0x8925, 0x78c3, 0x70c3, 0x3000, 0x1800, 0x1000, 0x1000, 0x1800, 0x6966, 
	0xdbcf, 0xc2ec, 0x79a7, 0x1800, 0x0000, 0x1000, 0x926a, 0xcb8f, 0xa2eb, 0x3000, 0x0800, 0x0000, 0x0000, 0x0000, 0x0000, 0x0000, 
	0x0000, 0x0000, 0x0000, 0x0000, 0x0000, 0x4229, 0x31c7, 0x31c7, 0x31a7, 0x31c7, 0x31a7, 0x31a7, 0x31c7, 0x39c8, 0x39e8, 0x4a6a, 
	0x0000, 0x0000, 0x0020, 0x0000, 0x0000, 0x1000, 0x2800, 0x3800, 0x3000, 0x2000, 0x0800, 0x0800, 0x0800, 0x1800, 0xc411, 0xcbcf, 
	0xc30c, 0xa269, 0x2800, 0x0800, 0x0800, 0x2000, 0xcb8f, 0xc32d, 0x71c7, 0x1000, 0x0800, 0x0000, 0x0000, 0x0000, 0x0000, 0x0000, 
	0x0000, 0x0000, 0x0000, 0x0000, 0x0000, 0x4208, 0x31a7, 0x31a7, 0x3187, 0x31a7, 0x31a7, 0x31a7, 0x31a7, 0x39c8, 0x39e8, 0x4a6a, 
	0x0000, 0x0000, 0x0000, 0x0000, 0x0000, 0x0000, 0x0800, 0x1000, 0x0800, 0x0800, 0x0800, 0x1000, 0x69c7, 0xb32d, 0xdbcf, 0xc2ec, 
	0x8a28, 0x2800, 0x0800, 0x1000, 0x2000, 0xd472, 0xd34e, 0xa22a, 0x2821, 0x0000, 0x0000, 0x0000, 0x0000, 0x0000, 0x0000, 0x0000, 
	0x0000, 0x0000, 0x0000, 0x0000, 0x0000, 0x3a08, 0x31a7, 0x2986, 0x2987, 0x3187, 0x2987, 0x31a7, 0x31a7, 0x31a7, 0x39c8, 0x4a6a, 
	0x0000, 0x0000, 0x0000, 0x0000, 0x0000, 0x0000, 0x0800, 0x1000, 0x1000, 0x1000, 0x2000, 0xc451, 0xe4d3, 0xc34e, 0xb28a, 0xa269, 
	0x2000, 0x1000, 0x0800, 0x1800, 0x79a7, 0xd3f0, 0xb2ac, 0x81c8, 0x1000, 0x0000, 0x0020, 0x0000, 0x0000, 0x0000, 0x0000, 0x0000, 
	0x0000, 0x0000, 0x0000, 0x0000, 0x0000, 0x3a08, 0x3186, 0x2986, 0x2986, 0x2987, 0x2986, 0x31a7, 0x31a7, 0x31a7, 0x39c8, 0x4a4a, 
	0x0000, 0x0000, 0x0000, 0x0000, 0x0000, 0x1000, 0x6986, 0xb30d, 0xdc30, 0xd3af, 0xe3cf, 0xcb2d, 0xb2ab, 0x9a6a, 0x5082, 0x2000, 
	0x1000, 0x1000, 0x1800, 0x79c7, 0xdbd0, 0xbacc, 0x7166, 0x1800, 0x0800, 0x0000, 0x0000, 0x0000, 0x0000, 0x0000, 0x0000, 0x0000, 
	0x0000, 0x0000, 0x0000, 0x0000, 0x0000, 0x3a08, 0x3186, 0x2966, 0x2986, 0x2986, 0x2986, 0x31a7, 0x31a7, 0x39c7, 0x39c8, 0x4a4a, 
	0x0000, 0x0000, 0x0000, 0x0020, 0x0000, 0x1800, 0x8a6a, 0xb2ec, 0xb2ab, 0xb26a, 0xaa29, 0x99c8, 0x89e8, 0x2800, 0x1800, 0x1000, 
	0x1000, 0x1800, 0x71a7, 0xdc51, 0xbacc, 0x89c8, 0x1800, 0x0800, 0x0000, 0x0000, 0x0000, 0x0000, 0x0000, 0x0000, 0x0000, 0x0000, 
	0x0000, 0x0000, 0x0000, 0x0000, 0x0000, 0x39e8, 0x3186, 0x2966, 0x2986, 0x2986, 0x3186, 0x31a7, 0x39c7, 0x39c7, 0x39e8, 0x4a4a, 
	0x0000, 0x0000, 0x0000, 0x0000, 0x0000, 0x0800, 0x2861, 0x38a2, 0x4082, 0x3882, 0x3883, 0x1800, 0x1000, 0x0800, 0x0800, 0x1000, 
	0x4062, 0xb34e, 0xdbd0, 0xbacc, 0x6946, 0x2000, 0x0800, 0x0000, 0x0000, 0x0000, 0x0800, 0x0000, 0x0000, 0x0000, 0x0000, 0x0000, 
	0x0000, 0x0000, 0x0000, 0x0000, 0x0000, 0x39e8, 0x2986, 0x2966, 0x2966, 0x2986, 0x3186, 0x31a7, 0x39c7, 0x39c7, 0x39c8, 0x4a49, 
	0x0000, 0x0000, 0x0000, 0x0000, 0x0000, 0x0000, 0x0800, 0x0800, 0x0800, 0x0800, 0x0800, 0x0800, 0x0800, 0x0800, 0x1800, 0x828a, 
	0xcc31, 0xcb8f, 0xb2ab, 0x81c7, 0x1800, 0x0800, 0x0000, 0x0000, 0x0000, 0x0000, 0x0000, 0x0000, 0x0000, 0x0000, 0x0000, 0x0000, 
	0x0000, 0x0000, 0x0000, 0x0000, 0x0000, 0x39e7, 0x3186, 0x2966, 0x2966, 0x3186, 0x3186, 0x3186, 0x39c7, 0x39e8, 0x39c7, 0x4a6a, 
	0x0000, 0x0000, 0x0000, 0x0000, 0x0000, 0x0000, 0x0800, 0x0800, 0x0800, 0x1000, 0x1000, 0x1800, 0x2800, 0xa30d, 0xc3af, 0xd3d0, 
	0xbb0d, 0xa28a, 0x6986, 0x1000, 0x0800, 0x0000, 0x0000, 0x0000, 0x0000, 0x0000, 0x0000, 0x0000, 0x0000, 0x0000, 0x0000, 0x0000, 
	0x0000, 0x0000, 0x0000, 0x0000, 0x0000, 0x4208, 0x3186, 0x2965, 0x3186, 0x2965, 0x3166, 0x39a7, 0x31a7, 0x31a7, 0x39e8, 0x41e8, 
	0x0000, 0x0000, 0x0000, 0x0000, 0x0000, 0x0000, 0x38e3, 0x4904, 0x5104, 0x5104, 0x6186, 0xcc73, 0xcbf1, 0xcbb0, 0xc32d, 0xa26a, 
	0x7945, 0x3000, 0x1000, 0x0800, 0x0000, 0x0000, 0x0000, 0x0000, 0x0000, 0x0000, 0x0000, 0x0000, 0x0000, 0x0000, 0x0000, 0x0000, 
	0x0000, 0x0000, 0x0000, 0x0000, 0x0000, 0x4a49, 0x31a6, 0x3186, 0x3186, 0x31a6, 0x3186, 0x2966, 0x31a6, 0x39a7, 0x4208, 0x10a2, 
	0x0000, 0x0000, 0x0000, 0x0000, 0x0000, 0x1800, 0xa2cc, 0xdbcf, 0xd38e, 0xd36e, 0xcb4e, 0xbaec, 0xb2ab, 0xa26a, 0x79e8, 0x2800, 
	0x1800, 0x1000, 0x0800, 0x0000, 0x0000, 0x0000, 0x0000, 0x0000, 0x0000, 0x0000, 0x0000, 0x0000, 0x0000, 0x0000, 0x0000, 0x0000, 
	0x0000, 0x0000, 0x0000, 0x0000, 0x0000, 0x0000, 0x18e3, 0x31a6, 0x39e7, 0x39c7, 0x4208, 0x4208, 0x2945, 0x2104, 0x0020, 0x0000, 
	0x0000, 0x0000, 0x0000, 0x0000, 0x0000, 0x1800, 0x81c8, 0xaa4a, 0xaa4a, 0xaa4a, 0x91a7, 0x68e4, 0x60c3, 0x3800, 0x1800, 0x0800, 
	0x0000, 0x0000, 0x0000, 0x0000, 0x0000, 0x0000, 0x0000, 0x0000, 0x0000, 0x0000, 0x0000, 0x0000, 0x0000, 0x0000, 0x0000, 0x0000, 
	0x0000, 0x0000, 0x0000, 0x0000, 0x0000, 0x0000, 0x0000, 0x0000, 0x0000, 0x0000, 0x0000, 0x0000, 0x0000, 0x0000, 0x0000, 0x0000, 
	0x0000, 0x0000, 0x0000, 0x0000, 0x0000, 0x0800, 0x1800, 0x1800, 0x1800, 0x1800, 0x1000, 0x1000, 0x1000, 0x1000, 0x0800, 0x0000, 
	0x0000, 0x0001, 0x0000, 0x0000, 0x0000, 0x0000, 0x0000, 0x0000, 0x0000, 0x0000, 0x0000, 0x0000, 0x0000, 0x0000, 0x0000, 0x0000, 
	0x0000, 0x0000, 0x0000, 0x0000, 0x0000, 0x0000, 0x0000, 0x0000, 0x0000, 0x0000, 0x0000, 0x0000, 0x0000, 0x0000, 0x0000, 0x0000, 
	0x0000, 0x0000, 0x0000, 0x0000, 0x0000, 0x0000, 0x0000, 0x0000, 0x0000, 0x0000, 0x0020, 0x0000, 0x0000, 0x0000, 0x0000, 0x0000, 
	0x0001, 0x0001, 0x0000, 0x0000, 0x0020, 0x0000, 0x0000, 0x0000, 0x0000, 0x0000, 0x0000, 0x0000, 0x0000, 0x0000, 0x0000, 0x0000, 
	0x0000, 0x0000, 0x0000, 0x0000, 0x0000, 0x0000, 0x0000, 0x0020, 0x0000, 0x0000, 0x0000, 0x0000, 0x0000, 0x0000, 0x0020, 0x0000, 
	0x0000, 0x0000, 0x0000, 0x0000, 0x0000, 0x0000, 0x0000, 0x0000, 0x0000, 0x0020, 0x0000, 0x0020, 0x0000, 0x0000, 0x0000, 0x0000, 
	0x0000, 0x0000, 0x0000, 0x0000, 0x0000, 0x0000, 0x0000, 0x0000, 0x0000, 0x0000, 0x0000, 0x0000, 0x0000, 0x0000, 0x0000, 0x0000, 
	0x0000, 0x0000, 0x0000, 0x0000, 0x0020, 0x0000, 0x0000, 0x0000, 0x0000, 0x0000, 0x0000, 0x0000, 0x0000, 0x0000, 0x0000, 0x0000, 
	0x0000, 0x0000, 0x0000, 0x0000, 0x0000, 0x0000, 0x0000, 0x0000, 0x0000, 0x0020, 0x0000, 0x0000, 0x0020, 0x0000, 0x0000, 0x0000, 
	0x0000, 0x0000, 0x0000, 0x0000, 0x0000, 0x0000, 0x0000, 0x0000, 0x0000, 0x0000, 0x0000, 0x0000, 0x0000, 0x0000, 0x0000, 0x0000
};

























// 'resized-images (8) (5)', 48x48px
const uint16_t wifi48[] = {
	0x0000, 0x0000, 0x0000, 0x0000, 0x0000, 0x0000, 0x0000, 0x0000, 0x0000, 0x0000, 0x0000, 0x0000, 0x0000, 0x0000, 0x0000, 0x0000, 
	0x0000, 0x0000, 0x0000, 0x0000, 0x0000, 0x0000, 0x0000, 0x0000, 0x0000, 0x0000, 0x0000, 0x0000, 0x0000, 0x0000, 0x0000, 0x0000, 
	0x0000, 0x0000, 0x0000, 0x0000, 0x0000, 0x0000, 0x0000, 0x0000, 0x0000, 0x0000, 0x0000, 0x0000, 0x0000, 0x0000, 0x0000, 0x0000, 
	0x0000, 0x0000, 0x0000, 0x0000, 0x0000, 0x0000, 0x0000, 0x0000, 0x0000, 0x0000, 0x0000, 0x0000, 0x0000, 0x0000, 0x0000, 0x0000, 
	0x0000, 0x0000, 0x0000, 0x0000, 0x0000, 0x0000, 0x0000, 0x0000, 0x0000, 0x0000, 0x0000, 0x0000, 0x0000, 0x0000, 0x0000, 0x0020, 
	0x0000, 0x0000, 0x0000, 0x0000, 0x0000, 0x0000, 0x0000, 0x0000, 0x0000, 0x0000, 0x0000, 0x0000, 0x0000, 0x0000, 0x0000, 0x0000, 
	0x0000, 0x0000, 0x0000, 0x0000, 0x0000, 0x0000, 0x0000, 0x0000, 0x0000, 0x0000, 0x0000, 0x0000, 0x0000, 0x0000, 0x0000, 0x0000, 
	0x0000, 0x0000, 0x0000, 0x0000, 0x0020, 0x0000, 0x0000, 0x0000, 0x0000, 0x0000, 0x0000, 0x0000, 0x0000, 0x0000, 0x0000, 0x0000, 
	0x0000, 0x0000, 0x0000, 0x0000, 0x0000, 0x0000, 0x0000, 0x0000, 0x0000, 0x0000, 0x0000, 0x0000, 0x0000, 0x0000, 0x0000, 0x0000, 
	0x0000, 0x0000, 0x0000, 0x0000, 0x0000, 0x0000, 0x0000, 0x0000, 0x0000, 0x0000, 0x0000, 0x0000, 0x0000, 0x0000, 0x0000, 0x0000, 
	0x0000, 0x0000, 0x0020, 0x0000, 0x0000, 0x0000, 0x0000, 0x0000, 0x0000, 0x0000, 0x0000, 0x0000, 0x0000, 0x0000, 0x0000, 0x0000, 
	0x0000, 0x0000, 0x0000, 0x0000, 0x0000, 0x0000, 0x0000, 0x0000, 0x0000, 0x0000, 0x0000, 0x0000, 0x0000, 0x0000, 0x0000, 0x0000, 
	0x0000, 0x0000, 0x0000, 0x0000, 0x0000, 0x0000, 0x0000, 0x0000, 0x0000, 0x0000, 0x0000, 0x0000, 0x0000, 0x0000, 0x0000, 0x0000, 
	0x0000, 0x0000, 0x0000, 0x0000, 0x0000, 0x0000, 0x0000, 0x0000, 0x0000, 0x0000, 0x0000, 0x0000, 0x0000, 0x0000, 0x0000, 0x0000, 
	0x0000, 0x0000, 0x0000, 0x0000, 0x0000, 0x0000, 0x0000, 0x0000, 0x0000, 0x0000, 0x0000, 0x0000, 0x0000, 0x0000, 0x0000, 0x0000, 
	0x0000, 0x0000, 0x0000, 0x0000, 0x0000, 0x0000, 0x0000, 0x0000, 0x0000, 0x0000, 0x0000, 0x0000, 0x0000, 0x0000, 0x0000, 0x0000, 
	0x0000, 0x0000, 0x0000, 0x0000, 0x0000, 0x0000, 0x0000, 0x0021, 0x0000, 0x0020, 0x0000, 0x0000, 0x0000, 0x0000, 0x0000, 0x0000, 
	0x0000, 0x0000, 0x0000, 0x0000, 0x0000, 0x0000, 0x0000, 0x0000, 0x0000, 0x0000, 0x0000, 0x0000, 0x0000, 0x0000, 0x0000, 0x0000, 
	0x0000, 0x0000, 0x0000, 0x0000, 0x0000, 0x0000, 0x0000, 0x0000, 0x0000, 0x0000, 0x0000, 0x0000, 0x0000, 0x0000, 0x0000, 0x0000, 
	0x0000, 0x0000, 0x0000, 0x0021, 0x0001, 0x0001, 0x0022, 0x0022, 0x0022, 0x0022, 0x0022, 0x0022, 0x0021, 0x0000, 0x0000, 0x0000, 
	0x0000, 0x0000, 0x0000, 0x0000, 0x0000, 0x0000, 0x0000, 0x0000, 0x0000, 0x0000, 0x0000, 0x0000, 0x0000, 0x0000, 0x0000, 0x0000, 
	0x0000, 0x0000, 0x0000, 0x0000, 0x0000, 0x0000, 0x0000, 0x0000, 0x0000, 0x0000, 0x0000, 0x0000, 0x0000, 0x0000, 0x0000, 0x0000, 
	0x0001, 0x0022, 0x0063, 0x326c, 0x4330, 0x3b10, 0x4351, 0x4b92, 0x4b92, 0x4351, 0x3b10, 0x4330, 0x2a4c, 0x00a5, 0x0022, 0x0001, 
	0x0001, 0x0000, 0x0000, 0x0000, 0x0000, 0x0000, 0x0000, 0x0000, 0x0000, 0x0000, 0x0000, 0x0000, 0x0000, 0x0000, 0x0000, 0x0000, 
	0x0000, 0x0000, 0x0000, 0x0000, 0x0000, 0x0000, 0x0000, 0x0000, 0x0000, 0x0000, 0x0000, 0x0000, 0x0000, 0x0001, 0x0022, 0x19ea, 
	0x32ef, 0x755a, 0x759b, 0x759d, 0x6d5c, 0x75be, 0x759d, 0x7d9e, 0x757d, 0x755d, 0x757e, 0x6d3c, 0x6d3c, 0x755c, 0x753b, 0x3b11, 
	0x19eb, 0x0023, 0x0022, 0x0001, 0x0001, 0x0000, 0x0000, 0x0000, 0x0000, 0x0000, 0x0000, 0x0000, 0x0000, 0x0000, 0x0000, 0x0000, 
	0x0000, 0x0000, 0x0020, 0x0000, 0x0000, 0x0000, 0x0000, 0x0000, 0x0000, 0x0000, 0x0001, 0x0001, 0x0022, 0x19ca, 0x74f8, 0x7d7b, 
	0x75bd, 0x75ff, 0x6dbf, 0x659f, 0x657f, 0x5d3e, 0x5d1e, 0x5cfd, 0x5cfd, 0x5cfd, 0x5d1e, 0x657f, 0x5d3f, 0x6d7f, 0x6d7e, 0x6d3c, 
	0x6d1b, 0x7d3a, 0x19cb, 0x0023, 0x0002, 0x0001, 0x0000, 0x0000, 0x0000, 0x0000, 0x0000, 0x0000, 0x0000, 0x0000, 0x0000, 0x0000, 
	0x0000, 0x0000, 0x0000, 0x0000, 0x0020, 0x0000, 0x0000, 0x0000, 0x0000, 0x0001, 0x0023, 0x096a, 0x7d7b, 0x759c, 0x7dff, 0x75df, 
	0x655e, 0x5d1d, 0x54dd, 0x449c, 0x447c, 0x3c3b, 0x443b, 0x443b, 0x443b, 0x3c3a, 0x447c, 0x447c, 0x4cbd, 0x4cdd, 0x551e, 0x5d3e, 
	0x6d7e, 0x651c, 0x64fb, 0x7d3b, 0x118a, 0x0022, 0x0000, 0x0020, 0x0000, 0x0000, 0x0000, 0x0020, 0x0000, 0x0000, 0x0000, 0x0000, 
	0x0000, 0x0000, 0x0000, 0x0000, 0x0000, 0x0020, 0x0000, 0x0000, 0x0001, 0x0044, 0x855a, 0x7d7c, 0x7e1f, 0x6ddf, 0x5d3e, 0x54dc, 
	0x4c7b, 0x3bfa, 0x33b9, 0x2b98, 0x2b58, 0x2337, 0x2317, 0x2337, 0x2b57, 0x2b78, 0x33d9, 0x33fa, 0x3c3b, 0x447c, 0x447c, 0x4cbd, 
	0x4cbd, 0x54dd, 0x653e, 0x64fc, 0x6cd9, 0x8d7a, 0x0084, 0x0000, 0x0000, 0x0000, 0x0000, 0x0000, 0x0000, 0x0000, 0x0000, 0x0000, 
	0x0000, 0x0000, 0x0000, 0x0000, 0x0000, 0x0020, 0x0000, 0x0021, 0x220b, 0x7d7a, 0x7dde, 0x865f, 0x5d1e, 0x4cbd, 0x3c1a, 0x33b8, 
	0x2b16, 0x1a94, 0x0a12, 0x0190, 0x0190, 0x1253, 0x3378, 0x3bb9, 0x33b9, 0x3399, 0x1ad6, 0x0213, 0x1ad6, 0x2b79, 0x33fb, 0x445c, 
	0x4c9d, 0x4cbd, 0x4cbd, 0x54fe, 0x653e, 0x5cba, 0x74f9, 0x2a2c, 0x0022, 0x0000, 0x0000, 0x0000, 0x0000, 0x0000, 0x0000, 0x0000, 
	0x0000, 0x0000, 0x0000, 0x0000, 0x0000, 0x0001, 0x0001, 0x42ee, 0x85bc, 0x863f, 0x75ff, 0x4cbc, 0x3c3b, 0x33b9, 0x1ad5, 0x0a11, 
	0x018f, 0x2272, 0x2230, 0x2210, 0x19cf, 0x11ce, 0x09ae, 0x01af, 0x09cf, 0x1211, 0x1a52, 0x2ab3, 0x3315, 0x3b77, 0x3398, 0x12d6, 
	0x2bd9, 0x447c, 0x449d, 0x4cbe, 0x449d, 0x5cfe, 0x5cbb, 0x6cda, 0x3aae, 0x0002, 0x0001, 0x0000, 0x0000, 0x0000, 0x0000, 0x0000, 
	0x0000, 0x0000, 0x0000, 0x0000, 0x0001, 0x0022, 0x4b92, 0x85dc, 0x8e7f, 0x6dbf, 0x447b, 0x3bf9, 0x2b15, 0x0a11, 0x016e, 0x11f0, 
	0x11ce, 0x096b, 0x0909, 0x1969, 0x0065, 0x0044, 0x00a5, 0x00a6, 0x00a6, 0x00a6, 0x0065, 0x0086, 0x19ab, 0x11ad, 0x22b2, 0x3b97, 
	0x33b9, 0x1b58, 0x341c, 0x3c7d, 0x4cff, 0x4cbe, 0x4cbd, 0x549b, 0x6cba, 0x4311, 0x0003, 0x0001, 0x0000, 0x0000, 0x0000, 0x0000, 
	0x0000, 0x0000, 0x0000, 0x0000, 0x0022, 0x4371, 0x85fd, 0x8ebf, 0x657e, 0x447b, 0x33b8, 0x1a93, 0x018e, 0x11ae, 0x19ce, 0x010a, 
	0x012a, 0x0086, 0x0024, 0x0023, 0x0003, 0x0043, 0x1148, 0x21ea, 0x21ca, 0x0927, 0x0024, 0x0024, 0x0004, 0x0025, 0x00c9, 0x09ae, 
	0x1a72, 0x2b57, 0x33b9, 0x2bba, 0x3c7d, 0x4cdf, 0x4cbe, 0x4c9d, 0x547b, 0x649a, 0x3ad0, 0x0022, 0x0000, 0x0000, 0x0000, 0x0000, 
	0x0000, 0x0000, 0x0000, 0x0021, 0x2aae, 0x7dfc, 0x96df, 0x657d, 0x449a, 0x2b97, 0x1232, 0x096f, 0x19cf, 0x092b, 0x08c7, 0x0065, 
	0x0024, 0x00a7, 0x1a4d, 0x5c36, 0x6cda, 0x64da, 0x6d3b, 0x6d1b, 0x651b, 0x5cda, 0x5cba, 0x5c79, 0x3313, 0x11cd, 0x00a8, 0x0026, 
	0x0087, 0x094b, 0x2a93, 0x43fa, 0x239a, 0x345d, 0x4cde, 0x4cbd, 0x549d, 0x545b, 0x6499, 0x32af, 0x0021, 0x0000, 0x0000, 0x0000, 
	0x0000, 0x0000, 0x0021, 0x0947, 0x7d9a, 0x96ff, 0x6dbe, 0x4c9a, 0x2b76, 0x0a11, 0x11af, 0x118e, 0x092b, 0x00c8, 0x0024, 0x0928, 
	0x4bd3, 0x755a, 0x757c, 0x75be, 0x75df, 0x75df, 0x6ddf, 0x6dbf, 0x6ddf, 0x6ddf, 0x6dbf, 0x657f, 0x6d5d, 0x64db, 0x5c37, 0x32d1, 
	0x00a8, 0x0026, 0x010b, 0x11f1, 0x33b9, 0x33fa, 0x3c5c, 0x4cfe, 0x4c9e, 0x4c7c, 0x4c5a, 0x6478, 0x1147, 0x0021, 0x0000, 0x0000, 
	0x0020, 0x0000, 0x0023, 0x8dbb, 0x9edf, 0x7e1f, 0x54dc, 0x33d9, 0x1273, 0x09af, 0x118d, 0x090a, 0x0025, 0x00a7, 0x4c15, 0x759c, 
	0x75fe, 0x7e3f, 0x75bf, 0x655f, 0x5d1f, 0x54de, 0x54fd, 0x4cdd, 0x4cfd, 0x4d1e, 0x4cfe, 0x551e, 0x655e, 0x6d9f, 0x6d7f, 0x5cdc, 
	0x4c18, 0x22b1, 0x0087, 0x0026, 0x09cf, 0x3397, 0x2bfa, 0x3c9d, 0x4cfe, 0x4cbd, 0x445a, 0x4bf7, 0x7cd8, 0x0043, 0x0021, 0x0000, 
	0x0000, 0x0001, 0x0948, 0x859c, 0xaf5f, 0x5cfc, 0x3bfa, 0x1a94, 0x09af, 0x11ce, 0x012a, 0x0025, 0x0969, 0x7d5a, 0x7e3f, 0x763f, 
	0x5d7e, 0x551c, 0x4cbc, 0x443b, 0x43fa, 0x3bda, 0x33b9, 0x33f9, 0x341a, 0x341a, 0x3c3b, 0x44bd, 0x4cbd, 0x4cdd, 0x54fe, 0x5d5f, 
	0x5d5e, 0x4c7a, 0x3b33, 0x0067, 0x0027, 0x018e, 0x2b97, 0x3c3a, 0x4cdd, 0x4cfe, 0x445b, 0x3bb7, 0x4333, 0x08e7, 0x0001, 0x0000, 
	0x0000, 0x0042, 0x11aa, 0x6d1b, 0x75bf, 0x445a, 0x2af5, 0x09af, 0x19ee, 0x096b, 0x0046, 0x64b7, 0x757a, 0x96bf, 0x659e, 0x551d, 
	0x4c9b, 0x3bf8, 0x3376, 0x22d4, 0x1212, 0x01b1, 0x0190, 0x01b0, 0x01b0, 0x0212, 0x1295, 0x2338, 0x33da, 0x447c, 0x449c, 0x4cdc, 
	0x4cdc, 0x5d1d, 0x5cbc, 0x4396, 0x19ef, 0x0027, 0x09ad, 0x3375, 0x3c3a, 0x4cdd, 0x441a, 0x3335, 0x116c, 0x1928, 0x0001, 0x0000, 
	0x0000, 0x0001, 0x0107, 0x6477, 0x4c38, 0x3356, 0x11ef, 0x220e, 0x096a, 0x0066, 0x5c76, 0x85fd, 0x96df, 0x5d3c, 0x447b, 0x33d9, 
	0x22d4, 0x1231, 0x018d, 0x1a0f, 0x11ae, 0x19ef, 0x11ce, 0x11ae, 0x1a0f, 0x1a50, 0x2af4, 0x2b15, 0x3397, 0x1af5, 0x341a, 0x447b, 
	0x44bc, 0x4cdd, 0x54de, 0x54bd, 0x4396, 0x2250, 0x0047, 0x09ad, 0x2b56, 0x33b8, 0x3356, 0x1a0f, 0x114a, 0x0885, 0x0001, 0x0000, 
	0x0000, 0x0021, 0x0002, 0x21ea, 0x4b52, 0x3290, 0x2a2d, 0x11aa, 0x00c6, 0x4bb3, 0x863e, 0x96df, 0x5cfc, 0x443a, 0x3356, 0x1231, 
	0x098f, 0x11ae, 0x11ac, 0x00e8, 0x1128, 0x0043, 0x0084, 0x0064, 0x0064, 0x00a5, 0x0065, 0x096a, 0x1a2f, 0x3355, 0x2b98, 0x2378, 
	0x3c7b, 0x44bc, 0x449d, 0x4cde, 0x4c7c, 0x2b36, 0x19ee, 0x0067, 0x014c, 0x2a90, 0x2a2e, 0x21cb, 0x1106, 0x0001, 0x0020, 0x0000, 
	0x0000, 0x0000, 0x0000, 0x0001, 0x08c6, 0x1128, 0x08e6, 0x0085, 0x1a0c, 0x7dbb, 0x9eff, 0x5d1c, 0x445a, 0x2b15, 0x09cf, 0x11ae, 
	0x116d, 0x00e9, 0x0087, 0x0024, 0x0022, 0x0022, 0x0022, 0x0022, 0x0023, 0x0003, 0x0003, 0x0024, 0x0025, 0x00ea, 0x1a51, 0x3b98, 
	0x33b8, 0x3c7b, 0x44fe, 0x44be, 0x449e, 0x3c1b, 0x3314, 0x010a, 0x0046, 0x0065, 0x08e6, 0x1906, 0x0001, 0x0000, 0x0000, 0x0000, 
	0x0000, 0x0000, 0x0000, 0x0000, 0x0000, 0x0001, 0x0002, 0x00c7, 0x7d7a, 0xa71f, 0x655e, 0x4c5b, 0x2315, 0x09af, 0x11ae, 0x116b, 
	0x00a6, 0x0023, 0x0024, 0x0065, 0x120c, 0x43b3, 0x64d8, 0x5cd8, 0x5cb9, 0x5c78, 0x2ab1, 0x118d, 0x0006, 0x0025, 0x0024, 0x094a, 
	0x3355, 0x3bd9, 0x3c9c, 0x44fe, 0x44be, 0x447c, 0x3bd8, 0x4354, 0x00c7, 0x0001, 0x0000, 0x0020, 0x0000, 0x0000, 0x0000, 0x0000, 
	0x0000, 0x0000, 0x0000, 0x0000, 0x0000, 0x0000, 0x0022, 0x42ef, 0x8e1e, 0x865f, 0x4c9c, 0x3377, 0x09ef, 0x11ee, 0x116b, 0x0066, 
	0x0003, 0x00a5, 0x32cf, 0x6cf9, 0x75bc, 0x75de, 0x75ff, 0x6ddf, 0x6dbf, 0x655e, 0x6d1d, 0x64bb, 0x4b95, 0x116b, 0x0065, 0x0024, 
	0x00ca, 0x2b14, 0x3c19, 0x44bc, 0x4cfe, 0x4c9c, 0x441a, 0x43b5, 0x3a8d, 0x0021, 0x0000, 0x0000, 0x0000, 0x0000, 0x0000, 0x0000, 
	0x0000, 0x0000, 0x0000, 0x0000, 0x0020, 0x0000, 0x0001, 0x42cf, 0x64fb, 0x54bc, 0x33b8, 0x1252, 0x09ad, 0x116a, 0x0044, 0x0024, 
	0x098a, 0x5c97, 0x7ddd, 0x867f, 0x6ddf, 0x5d5e, 0x54fd, 0x551e, 0x4cdd, 0x551d, 0x54fd, 0x5d1e, 0x5cfd, 0x5459, 0x3b54, 0x00c8, 
	0x0004, 0x00a7, 0x2b35, 0x3c1a, 0x4cbd, 0x445b, 0x3377, 0x1a0f, 0x2a0b, 0x0000, 0x0000, 0x0000, 0x0000, 0x0000, 0x0000, 0x0000, 
	0x0000, 0x0020, 0x0000, 0x0000, 0x0000, 0x0000, 0x0021, 0x29ca, 0x5c37, 0x3b96, 0x22b2, 0x11ee, 0x118b, 0x0044, 0x0043, 0x222c, 
	0x5cb8, 0x8ebf, 0x75df, 0x551d, 0x4cbb, 0x447b, 0x3c1a, 0x3c1a, 0x3c3b, 0x3c5b, 0x449d, 0x449d, 0x4cbe, 0x447c, 0x54bc, 0x43d6, 
	0x19ab, 0x0004, 0x0067, 0x3b75, 0x3355, 0x3355, 0x2250, 0x2a2e, 0x1947, 0x0021, 0x0000, 0x0000, 0x0000, 0x0000, 0x0000, 0x0000, 
	0x0000, 0x0000, 0x0000, 0x0000, 0x0000, 0x0000, 0x0000, 0x0001, 0x1968, 0x5330, 0x4acf, 0x320b, 0x0063, 0x0022, 0x19ec, 0x6498, 
	0x96df, 0x657e, 0x4c7a, 0x3bf8, 0x22f5, 0x1273, 0x0a32, 0x0a13, 0x1295, 0x1af7, 0x33da, 0x3c1b, 0x447d, 0x447d, 0x3c3b, 0x54bb, 
	0x4bd6, 0x11cc, 0x0023, 0x0023, 0x222c, 0x328e, 0x428d, 0x1927, 0x0001, 0x0000, 0x0000, 0x0000, 0x0000, 0x0000, 0x0000, 0x0000, 
	0x0000, 0x0000, 0x0000, 0x0000, 0x0000, 0x0000, 0x0000, 0x0000, 0x0001, 0x0001, 0x0002, 0x0022, 0x0001, 0x0043, 0x5c56, 0x9eff, 
	0x657d, 0x4c7a, 0x2b36, 0x1211, 0x11ef, 0x1a0f, 0x1a0f, 0x2251, 0x1a52, 0x2af5, 0x3357, 0x2b57, 0x33da, 0x3c5c, 0x44bd, 0x3c5b, 
	0x443a, 0x3b33, 0x0002, 0x0000, 0x0042, 0x0022, 0x0021, 0x0001, 0x0000, 0x0000, 0x0000, 0x0000, 0x0000, 0x0020, 0x0000, 0x0000, 
	0x0000, 0x0000, 0x0000, 0x0000, 0x0020, 0x0020, 0x0000, 0x0000, 0x0000, 0x0000, 0x0000, 0x0000, 0x0001, 0x5391, 0x969f, 0x75ff, 
	0x447a, 0x2315, 0x1231, 0x11ef, 0x094a, 0x00a6, 0x0084, 0x0023, 0x0023, 0x0086, 0x0109, 0x2291, 0x3b97, 0x3c1a, 0x449c, 0x3c7b, 
	0x3c1a, 0x4bf8, 0x3aae, 0x0001, 0x0001, 0x0020, 0x0000, 0x0000, 0x0000, 0x0000, 0x0000, 0x0000, 0x0000, 0x0000, 0x0000, 0x0000, 
	0x0000, 0x0000, 0x0000, 0x0000, 0x0000, 0x0000, 0x0000, 0x0000, 0x0000, 0x0000, 0x0000, 0x0000, 0x0001, 0x6c34, 0x7d7b, 0x5499, 
	0x2b55, 0x1230, 0x11ad, 0x094a, 0x0024, 0x0002, 0x0022, 0x0022, 0x0022, 0x0023, 0x0024, 0x0046, 0x2ab1, 0x3bb7, 0x4c9b, 0x449c, 
	0x4419, 0x32f3, 0x3a8f, 0x0002, 0x0000, 0x0000, 0x0000, 0x0000, 0x0000, 0x0000, 0x0000, 0x0000, 0x0000, 0x0000, 0x0000, 0x0000, 
	0x0000, 0x0000, 0x0000, 0x0000, 0x0000, 0x0000, 0x0000, 0x0000, 0x0000, 0x0000, 0x0000, 0x0000, 0x0001, 0x2a0b, 0x5c16, 0x4355, 
	0x1a30, 0x11cd, 0x0928, 0x0023, 0x0023, 0x0969, 0x3312, 0x5478, 0x5437, 0x2ad1, 0x012a, 0x0004, 0x0024, 0x3ad1, 0x3b97, 0x43d8, 
	0x3b13, 0x21ed, 0x29ca, 0x0002, 0x0000, 0x0000, 0x0000, 0x0000, 0x0000, 0x0000, 0x0000, 0x0000, 0x0000, 0x0000, 0x0000, 0x0000, 
	0x0000, 0x0000, 0x0000, 0x0000, 0x0000, 0x0000, 0x0000, 0x0000, 0x0000, 0x0000, 0x0020, 0x0000, 0x0021, 0x0023, 0x2a2d, 0x3ab0, 
	0x2a0e, 0x196a, 0x0042, 0x0022, 0x0969, 0x6cf9, 0x653c, 0x5d3d, 0x54fd, 0x549b, 0x4bd6, 0x00c8, 0x0003, 0x0023, 0x3290, 0x2a70, 
	0x2a0d, 0x29ca, 0x0002, 0x0001, 0x0000, 0x0000, 0x0020, 0x0000, 0x0000, 0x0000, 0x0000, 0x0000, 0x0000, 0x0000, 0x0000, 0x0000, 
	0x0000, 0x0000, 0x0000, 0x0000, 0x0000, 0x0000, 0x0000, 0x0000, 0x0000, 0x0000, 0x0000, 0x0000, 0x0020, 0x0000, 0x0001, 0x0002, 
	0x0002, 0x0001, 0x0000, 0x0083, 0x7519, 0x75be, 0x6dbf, 0x655e, 0x5d3f, 0x54dd, 0x5cfd, 0x3313, 0x0064, 0x0001, 0x0002, 0x0002, 
	0x0002, 0x0002, 0x0001, 0x0000, 0x0000, 0x0000, 0x0000, 0x0000, 0x0000, 0x0000, 0x0000, 0x0000, 0x0000, 0x0000, 0x0000, 0x0000, 
	0x0000, 0x0000, 0x0000, 0x0000, 0x0000, 0x0000, 0x0000, 0x0000, 0x0000, 0x0000, 0x0000, 0x0000, 0x0000, 0x0000, 0x0020, 0x0020, 
	0x0000, 0x0000, 0x0021, 0x5bd1, 0x759c, 0xa77f, 0x7e5f, 0x551d, 0x4cbd, 0x447c, 0x445b, 0x4bf8, 0x326d, 0x0001, 0x0000, 0x0000, 
	0x0020, 0x0000, 0x0000, 0x0000, 0x0000, 0x0000, 0x0000, 0x0000, 0x0000, 0x0000, 0x0000, 0x0000, 0x0000, 0x0000, 0x0000, 0x0000, 
	0x0000, 0x0000, 0x0000, 0x0000, 0x0000, 0x0000, 0x0000, 0x0000, 0x0000, 0x0000, 0x0000, 0x0000, 0x0000, 0x0000, 0x0000, 0x0000, 
	0x0000, 0x0021, 0x0022, 0x8579, 0x655c, 0x971f, 0x6ddf, 0x4cbc, 0x443b, 0x33b9, 0x2b56, 0x3b54, 0x6c75, 0x0022, 0x0000, 0x0000, 
	0x0000, 0x0020, 0x0000, 0x0000, 0x0000, 0x0000, 0x0000, 0x0000, 0x0000, 0x0000, 0x0000, 0x0000, 0x0000, 0x0000, 0x0000, 0x0000, 
	0x0000, 0x0000, 0x0000, 0x0000, 0x0000, 0x0000, 0x0000, 0x0000, 0x0000, 0x0000, 0x0001, 0x0000, 0x0000, 0x0000, 0x0000, 0x0000, 
	0x0000, 0x0001, 0x0022, 0x7d58, 0x5d1b, 0x553d, 0x4cdd, 0x3c3b, 0x33b8, 0x2b36, 0x2293, 0x2270, 0x63d3, 0x0001, 0x0020, 0x0000, 
	0x0020, 0x0020, 0x0000, 0x0000, 0x0000, 0x0000, 0x0000, 0x0000, 0x0000, 0x0000, 0x0000, 0x0000, 0x0000, 0x0000, 0x0000, 0x0000, 
	0x0000, 0x0000, 0x0000, 0x0000, 0x0000, 0x0000, 0x0000, 0x0000, 0x0020, 0x0000, 0x0000, 0x0000, 0x0001, 0x0000, 0x0000, 0x0000, 
	0x0000, 0x0000, 0x0021, 0x19ca, 0x5479, 0x449c, 0x3c5b, 0x33d9, 0x2b36, 0x1a72, 0x09ae, 0x21cd, 0x2168, 0x0001, 0x0000, 0x0000, 
	0x0000, 0x0000, 0x0000, 0x0000, 0x0000, 0x0000, 0x0000, 0x0000, 0x0000, 0x0000, 0x0000, 0x0000, 0x0000, 0x0000, 0x0000, 0x0000, 
	0x0000, 0x0000, 0x0000, 0x0000, 0x0000, 0x0000, 0x0000, 0x0000, 0x0000, 0x0000, 0x0000, 0x0001, 0x0001, 0x0001, 0x0000, 0x0000, 
	0x0000, 0x0000, 0x0000, 0x0043, 0x4bd5, 0x3bf8, 0x33d8, 0x2b36, 0x2293, 0x19ef, 0x094b, 0x218b, 0x0022, 0x0000, 0x0000, 0x0000, 
	0x0000, 0x0000, 0x0000, 0x0000, 0x0000, 0x0000, 0x0000, 0x0000, 0x0000, 0x0000, 0x0000, 0x0000, 0x0000, 0x0000, 0x0000, 0x0000, 
	0x0000, 0x0000, 0x0000, 0x0000, 0x0000, 0x0000, 0x0000, 0x0000, 0x0000, 0x0000, 0x0000, 0x0000, 0x0000, 0x0000, 0x0000, 0x0000, 
	0x0000, 0x0000, 0x0020, 0x0001, 0x0044, 0x3b11, 0x2ab2, 0x2a91, 0x19ce, 0x196b, 0x2169, 0x0043, 0x0001, 0x0000, 0x0000, 0x0000, 
	0x0000, 0x0000, 0x0000, 0x0000, 0x0000, 0x0000, 0x0000, 0x0000, 0x0000, 0x0000, 0x0000, 0x0000, 0x0000, 0x0000, 0x0000, 0x0000, 
	0x0000, 0x0000, 0x0000, 0x0000, 0x0000, 0x0000, 0x0000, 0x0000, 0x0000, 0x0000, 0x0000, 0x0000, 0x0000, 0x0000, 0x0000, 0x0000, 
	0x0000, 0x0000, 0x0000, 0x0000, 0x0001, 0x0002, 0x1149, 0x198b, 0x1949, 0x1927, 0x0001, 0x0000, 0x0000, 0x0000, 0x0020, 0x0000, 
	0x0000, 0x0000, 0x0000, 0x0000, 0x0000, 0x0000, 0x0000, 0x0000, 0x0000, 0x0000, 0x0000, 0x0000, 0x0000, 0x0000, 0x0000, 0x0000, 
	0x0000, 0x0000, 0x0000, 0x0000, 0x0000, 0x0000, 0x0000, 0x0000, 0x0000, 0x0000, 0x0000, 0x0000, 0x0000, 0x0000, 0x0000, 0x0000, 
	0x0000, 0x0000, 0x0000, 0x0000, 0x0000, 0x0000, 0x0001, 0x0002, 0x0001, 0x0021, 0x0000, 0x0020, 0x0000, 0x0000, 0x0000, 0x0000, 
	0x0000, 0x0000, 0x0000, 0x0000, 0x0000, 0x0000, 0x0000, 0x0000, 0x0000, 0x0000, 0x0000, 0x0000, 0x0000, 0x0000, 0x0000, 0x0000, 
	0x0000, 0x0000, 0x0000, 0x0000, 0x0000, 0x0000, 0x0000, 0x0000, 0x0000, 0x0000, 0x0000, 0x0000, 0x0000, 0x0000, 0x0000, 0x0000, 
	0x0000, 0x0000, 0x0000, 0x0000, 0x0000, 0x0000, 0x0000, 0x0000, 0x0000, 0x0000, 0x0020, 0x0000, 0x0000, 0x0000, 0x0000, 0x0000, 
	0x0000, 0x0000, 0x0000, 0x0000, 0x0000, 0x0000, 0x0000, 0x0000, 0x0000, 0x0000, 0x0000, 0x0000, 0x0000, 0x0000, 0x0000, 0x0000, 
	0x0000, 0x0000, 0x0000, 0x0000, 0x0000, 0x0000, 0x0000, 0x0000, 0x0000, 0x0000, 0x0000, 0x0000, 0x0000, 0x0000, 0x0000, 0x0000, 
	0x0000, 0x0000, 0x0000, 0x0000, 0x0020, 0x0000, 0x0000, 0x0000, 0x0000, 0x0000, 0x0000, 0x0000, 0x0020, 0x0000, 0x0000, 0x0000, 
	0x0000, 0x0000, 0x0000, 0x0000, 0x0000, 0x0000, 0x0000, 0x0000, 0x0000, 0x0000, 0x0000, 0x0000, 0x0000, 0x0000, 0x0000, 0x0000, 
	0x0000, 0x0000, 0x0000, 0x0000, 0x0000, 0x0000, 0x0000, 0x0000, 0x0000, 0x0000, 0x0000, 0x0000, 0x0000, 0x0000, 0x0000, 0x0000, 
	0x0000, 0x0000, 0x0000, 0x0000, 0x0000, 0x0000, 0x0000, 0x0000, 0x0000, 0x0000, 0x0000, 0x0000, 0x0000, 0x0000, 0x0000, 0x0000, 
	0x0000, 0x0000, 0x0000, 0x0000, 0x0000, 0x0000, 0x0000, 0x0000, 0x0000, 0x0000, 0x0000, 0x0000, 0x0000, 0x0000, 0x0000, 0x0000, 
	0x0000, 0x0000, 0x0000, 0x0000, 0x0000, 0x0000, 0x0000, 0x0000, 0x0000, 0x0000, 0x0000, 0x0000, 0x0000, 0x0000, 0x0000, 0x0000, 
	0x0000, 0x0000, 0x0000, 0x0000, 0x0020, 0x0000, 0x0000, 0x0000, 0x0000, 0x0000, 0x0021, 0x0000, 0x0000, 0x0000, 0x0000, 0x0000, 
	0x0000, 0x0000, 0x0000, 0x0000, 0x0000, 0x0000, 0x0000, 0x0000, 0x0000, 0x0000, 0x0000, 0x0000, 0x0000, 0x0000, 0x0000, 0x0000, 
	0x0000, 0x0000, 0x0000, 0x0000, 0x0000, 0x0000, 0x0000, 0x0000, 0x0000, 0x0000, 0x0000, 0x0000, 0x0000, 0x0000, 0x0000, 0x0000, 
	0x0000, 0x0000, 0x0000, 0x0001, 0x0000, 0x0000, 0x0000, 0x0000, 0x0000, 0x0000, 0x0000, 0x0001, 0x0000, 0x0000, 0x0000, 0x0000, 
	0x0000, 0x0000, 0x0000, 0x0000, 0x0000, 0x0000, 0x0000, 0x0000, 0x0000, 0x0000, 0x0000, 0x0000, 0x0000, 0x0000, 0x0000, 0x0000
};

























// 'resized-images (7) (3)', 48x48px
const uint16_t settings48[] = {
	0x0000, 0x0000, 0x0000, 0x0000, 0x0000, 0x0000, 0x0000, 0x0000, 0x0000, 0x0000, 0x0000, 0x0000, 0x0000, 0x0000, 0x0000, 0x0000, 
	0x0000, 0x0000, 0x0000, 0x0000, 0x0000, 0x0000, 0x0000, 0x0000, 0x0000, 0x0000, 0x0000, 0x0000, 0x0000, 0x0000, 0x0000, 0x0000, 
	0x0020, 0x0000, 0x0000, 0x0000, 0x0000, 0x0000, 0x0020, 0x0000, 0x0000, 0x0000, 0x0000, 0x0000, 0x0000, 0x0000, 0x0000, 0x0000, 
	0x0000, 0x0000, 0x0000, 0x0000, 0x0000, 0x0000, 0x0000, 0x0000, 0x0000, 0x0000, 0x0000, 0x0020, 0x0000, 0x0000, 0x0000, 0x0000, 
	0x0000, 0x0000, 0x0000, 0x0000, 0x0000, 0x0000, 0x0000, 0x0000, 0x0000, 0x0000, 0x0000, 0x0000, 0x0000, 0x0000, 0x0000, 0x0000, 
	0x0000, 0x0000, 0x0000, 0x0000, 0x0000, 0x0000, 0x0000, 0x0000, 0x0000, 0x0000, 0x0000, 0x0000, 0x0000, 0x0000, 0x0000, 0x0000, 
	0x0000, 0x0000, 0x0000, 0x0000, 0x0000, 0x0000, 0x0000, 0x0000, 0x0000, 0x0000, 0x0000, 0x0000, 0x0000, 0x0000, 0x0020, 0x0000, 
	0x0000, 0x0000, 0x0000, 0x0000, 0x0000, 0x0000, 0x0000, 0x0000, 0x0000, 0x0000, 0x0000, 0x0000, 0x0000, 0x0000, 0x0000, 0x0000, 
	0x0020, 0x0000, 0x0000, 0x0000, 0x0000, 0x0000, 0x0020, 0x0020, 0x0000, 0x0000, 0x0000, 0x0000, 0x0000, 0x0000, 0x0000, 0x0000, 
	0x0000, 0x0000, 0x0000, 0x0000, 0x0000, 0x0000, 0x0000, 0x0000, 0x0000, 0x0020, 0x0000, 0x0000, 0x0000, 0x0000, 0x0000, 0x0000, 
	0x0000, 0x0001, 0x0001, 0x0021, 0x0000, 0x0000, 0x0000, 0x0000, 0x0000, 0x0020, 0x0000, 0x0000, 0x0001, 0x0000, 0x0000, 0x0000, 
	0x0000, 0x0000, 0x0000, 0x0000, 0x0000, 0x0000, 0x0000, 0x0000, 0x0000, 0x0000, 0x0000, 0x0000, 0x0000, 0x0000, 0x0000, 0x0000, 
	0x0000, 0x0000, 0x0000, 0x0000, 0x0000, 0x0000, 0x0000, 0x0000, 0x0000, 0x0000, 0x0000, 0x0000, 0x0000, 0x0000, 0x0000, 0x0000, 
	0x0000, 0x0001, 0x0001, 0x0001, 0x0021, 0x0001, 0x0001, 0x0000, 0x0000, 0x0000, 0x0021, 0x0042, 0x0022, 0x0022, 0x0001, 0x0000, 
	0x0000, 0x0000, 0x0000, 0x0000, 0x0000, 0x0000, 0x0000, 0x0000, 0x0000, 0x0000, 0x0000, 0x0000, 0x0000, 0x0000, 0x0000, 0x0000, 
	0x0000, 0x0000, 0x0000, 0x0000, 0x0000, 0x0000, 0x0000, 0x0000, 0x0000, 0x0000, 0x0000, 0x0000, 0x0000, 0x0000, 0x0001, 0x0002, 
	0x0003, 0x42ae, 0x63f3, 0x9dda, 0x534f, 0x0021, 0x0001, 0x0001, 0x0000, 0x0021, 0x324c, 0x9ddb, 0xae5b, 0xb67c, 0x8473, 0x424a, 
	0x0000, 0x0000, 0x0000, 0x0000, 0x0000, 0x0000, 0x0000, 0x0000, 0x0000, 0x0000, 0x0000, 0x0000, 0x0000, 0x0000, 0x0000, 0x0000, 
	0x0000, 0x0000, 0x0000, 0x0000, 0x0000, 0x0000, 0x0000, 0x0000, 0x0000, 0x0000, 0x0000, 0x0000, 0x0000, 0x0001, 0x0024, 0x2a2e, 
	0x6cda, 0x64ba, 0x64ba, 0x7d5b, 0xb69d, 0x4aed, 0x0022, 0x0001, 0x0001, 0x0064, 0x851a, 0x8dbd, 0x961d, 0xa65d, 0xceff, 0xe79f, 
	0xc69c, 0x426b, 0x0000, 0x0000, 0x0000, 0x0000, 0x0800, 0x0000, 0x0000, 0x0000, 0x0000, 0x0000, 0x0000, 0x0000, 0x0000, 0x0000, 
	0x0000, 0x0000, 0x0000, 0x0000, 0x0000, 0x0000, 0x0000, 0x0000, 0x0000, 0x0000, 0x0000, 0x0000, 0x0001, 0x1107, 0x74b8, 0x5c59, 
	0x545b, 0x4c7c, 0x547c, 0x64db, 0xcfbf, 0x9db9, 0x428c, 0x0002, 0x0003, 0x322d, 0x853c, 0x857e, 0x8ddd, 0x9e1d, 0xae5e, 0xc6bf, 
	0xdfbf, 0xa5bb, 0x422b, 0x0001, 0x0000, 0x0800, 0x0000, 0x0000, 0x0000, 0x0000, 0x0000, 0x0000, 0x0000, 0x0000, 0x0000, 0x0000, 
	0x0000, 0x0000, 0x0000, 0x0000, 0x0000, 0x0000, 0x0000, 0x0000, 0x0000, 0x0000, 0x0000, 0x0001, 0x0022, 0x4b11, 0x53f8, 0x545c, 
	0x4c3c, 0x4c5d, 0x545d, 0x64bc, 0x95fd, 0x9dfb, 0xa5db, 0x21ab, 0x00e8, 0x7d1a, 0x751c, 0x7d5e, 0x857d, 0x8d9d, 0x9dfe, 0xae5f, 
	0xc6ff, 0x63d7, 0x94fb, 0x31ab, 0x0001, 0x0000, 0x0000, 0x0000, 0x0000, 0x0000, 0x0000, 0x0000, 0x0000, 0x0000, 0x0000, 0x0000, 
	0x0000, 0x0000, 0x0000, 0x0000, 0x0000, 0x0000, 0x0000, 0x0000, 0x0000, 0x0020, 0x0000, 0x0001, 0x0002, 0x3ad0, 0x53f9, 0x4c3c, 
	0x4c5d, 0x4c3d, 0x545d, 0x5c9d, 0x64db, 0xb71f, 0x9dde, 0x8d5c, 0x6cda, 0x6cfb, 0x74fd, 0x7d1e, 0x7d3d, 0x857d, 0x95be, 0xa5ff, 
	0x747c, 0x5b79, 0x7bfa, 0xa51b, 0x0002, 0x0000, 0x0000, 0x0000, 0x0000, 0x0000, 0x0000, 0x0000, 0x0000, 0x0000, 0x0020, 0x0000, 
	0x0000, 0x0000, 0x0000, 0x0000, 0x0000, 0x0000, 0x0000, 0x0000, 0x0000, 0x0000, 0x0000, 0x0001, 0x0000, 0x0065, 0x4bb8, 0x4bfc, 
	0x4c3d, 0x4c3d, 0x545d, 0x545d, 0x547c, 0x5c9c, 0x64bc, 0x647b, 0x5c9c, 0x5c7c, 0x645c, 0x6cbd, 0x74fd, 0x855e, 0x8d5d, 0x8d3e, 
	0x637a, 0x7bdd, 0x83fc, 0x8419, 0x0003, 0x0000, 0x0000, 0x0020, 0x0000, 0x0000, 0x0000, 0x0000, 0x0000, 0x0020, 0x0000, 0x0000, 
	0x0000, 0x0000, 0x0000, 0x0000, 0x0000, 0x0000, 0x0000, 0x0000, 0x0000, 0x0000, 0x0000, 0x0000, 0x0020, 0x0064, 0x32d4, 0x4bfc, 
	0x4bfc, 0x543c, 0x5c3c, 0x5c3b, 0x5c5b, 0x645b, 0x645a, 0x6c7b, 0x6c7b, 0x6c5b, 0x749c, 0x6c7c, 0x645b, 0x6cbc, 0x7d1d, 0x747b, 
	0x635a, 0x7bdd, 0x7bbc, 0x4a52, 0x0003, 0x0000, 0x0021, 0x0000, 0x0000, 0x0000, 0x0000, 0x0000, 0x0020, 0x0000, 0x0000, 0x0000, 
	0x0000, 0x0000, 0x0000, 0x0000, 0x0000, 0x0000, 0x0000, 0x0000, 0x0020, 0x0000, 0x0000, 0x0000, 0x0000, 0x0003, 0x3af5, 0x53fc, 
	0x541c, 0x53fb, 0x6c39, 0x8cfb, 0xa59c, 0xc69f, 0xce7e, 0xce9e, 0xd6bf, 0xb5fe, 0x9d7d, 0x747b, 0x749c, 0x6cbc, 0x6cbb, 0xae5f, 
	0x73dc, 0x739b, 0x7bda, 0x18ec, 0x0004, 0x31ea, 0x4aad, 0x1926, 0x0001, 0x0000, 0x0000, 0x0000, 0x0000, 0x0000, 0x0000, 0x0000, 
	0x0000, 0x0000, 0x0000, 0x0000, 0x0000, 0x0000, 0x0000, 0x0021, 0x1127, 0x1107, 0x0002, 0x0002, 0x0002, 0x0087, 0x53d9, 0x53da, 
	0x5bda, 0x745a, 0xb5fe, 0xbdfc, 0xbdba, 0xbd99, 0xc5da, 0xc5d9, 0xc5fa, 0xc5fb, 0xce9f, 0xcedf, 0x8d1c, 0x74bb, 0x6c9a, 0x7d1d, 
	0x9dbf, 0x73fb, 0x73d9, 0x73f7, 0x9d3a, 0xcedf, 0xd73f, 0xadda, 0x10c5, 0x0000, 0x0000, 0x0000, 0x0000, 0x0000, 0x0000, 0x0000, 
	0x0020, 0x0000, 0x0000, 0x0000, 0x0000, 0x0001, 0x0023, 0x196b, 0x5c19, 0x6cdc, 0x857c, 0x3b12, 0x0088, 0x5bd7, 0x5bf9, 0x5bf9, 
	0x9d5b, 0xb5db, 0xb5ba, 0xb599, 0xb578, 0xb558, 0xb558, 0xb558, 0xb578, 0xbdb9, 0xbdfa, 0xc63c, 0xe77f, 0x9d9c, 0x74db, 0x6cdc, 
	0x74fd, 0x857f, 0xae5f, 0x957d, 0x957d, 0x955b, 0xa5dc, 0xe79f, 0xb5db, 0x0003, 0x0000, 0x0000, 0x0000, 0x0000, 0x0000, 0x0000, 
	0x0020, 0x0000, 0x0000, 0x0000, 0x0000, 0x0001, 0x08c7, 0x5375, 0x4bbb, 0x43fc, 0x4c3a, 0x5c7a, 0x5c19, 0x5bf9, 0x6419, 0x9d5c, 
	0xb59a, 0xb599, 0xb559, 0xb559, 0x9c96, 0x6b11, 0x62b0, 0x7352, 0x9cb6, 0xad37, 0xbd98, 0xbdb9, 0xc61b, 0xdf1f, 0x9dbd, 0x6cdb, 
	0x64dc, 0x64bb, 0x7d3d, 0x853c, 0x8d5d, 0x8d3d, 0x8d5c, 0xae1e, 0xa59c, 0x52f0, 0x0000, 0x0000, 0x0000, 0x0000, 0x0000, 0x0000, 
	0x0000, 0x0000, 0x0000, 0x0000, 0x0020, 0x0002, 0x2a0f, 0x4b77, 0x439a, 0x43bb, 0x43db, 0x4bda, 0x53fb, 0x5397, 0x8cb9, 0xb59a, 
	0xbd99, 0xb559, 0xa4d9, 0x5250, 0x314c, 0x20cb, 0x20cb, 0x18aa, 0x210a, 0x52af, 0xa4d7, 0xbd99, 0xc5b9, 0xce3c, 0xd6ff, 0x84fb, 
	0x6cbc, 0x64bc, 0x74dc, 0x7cfd, 0x851d, 0x851d, 0x851c, 0x8d3c, 0xadff, 0x9d5a, 0x0043, 0x0000, 0x0000, 0x0000, 0x0000, 0x0000, 
	0x0000, 0x0000, 0x0000, 0x0000, 0x0000, 0x0003, 0x42f4, 0x4359, 0x43bb, 0x43bb, 0x439b, 0x4bdb, 0x4bba, 0x63f8, 0xa53a, 0xb558, 
	0xbd7a, 0xacf9, 0x41ef, 0x292e, 0x20cd, 0x210d, 0x210d, 0x212c, 0x296c, 0x294a, 0x39aa, 0xacf7, 0xbd98, 0xc5da, 0xdedf, 0xb61e, 
	0x74bc, 0x647c, 0x6c7c, 0x7cfe, 0x7cfd, 0x7cdd, 0x853e, 0x7cfd, 0x957e, 0x8cfa, 0x6350, 0x0001, 0x0000, 0x0000, 0x0020, 0x0000, 
	0x0000, 0x0000, 0x0000, 0x0000, 0x0000, 0x218a, 0x4316, 0x435a, 0x3b79, 0x43bb, 0x43bb, 0x4379, 0x5378, 0x84ba, 0xad59, 0xb579, 
	0xbd9b, 0x5a92, 0x20ee, 0x210f, 0x210e, 0x20cc, 0x292b, 0x294a, 0x2107, 0x3188, 0x2127, 0x62ee, 0xb578, 0xbdb9, 0xce3b, 0xce9f, 
	0x74bb, 0x6cbd, 0x6c5d, 0x6c5d, 0x74be, 0x74dd, 0x7cde, 0x74bd, 0x7cbe, 0x745a, 0x8c76, 0x0001, 0x0000, 0x0000, 0x0000, 0x0000, 
	0x0000, 0x0000, 0x0000, 0x0000, 0x0001, 0x216a, 0x3ab5, 0x4339, 0x3b7a, 0x3b59, 0x439a, 0x4b99, 0x5376, 0x951a, 0xad59, 0xbd9a, 
	0x949a, 0x3191, 0x3172, 0x2931, 0x18cd, 0x318e, 0x18c7, 0x0002, 0x0001, 0x0001, 0x0001, 0x0822, 0xa4f6, 0xbdb9, 0xc5f9, 0xd6be, 
	0x957e, 0x6c7c, 0x643d, 0x641d, 0x6c5d, 0x6c7d, 0x747d, 0x745d, 0x63fb, 0x63b8, 0xc61d, 0x0001, 0x0000, 0x0000, 0x0000, 0x0000, 
	0x0000, 0x0000, 0x0000, 0x0000, 0x0002, 0x1909, 0x42b4, 0x42f8, 0x4359, 0x437a, 0x437a, 0x4358, 0x5b75, 0xa519, 0xb579, 0xbd9c, 
	0x62f7, 0x39d5, 0x3174, 0x2110, 0x292d, 0x0005, 0x0002, 0x0001, 0x0001, 0x0001, 0x0000, 0x0000, 0x8c52, 0xb598, 0xbdb9, 0xce5e, 
	0x9d7e, 0x745c, 0x641c, 0x5c1c, 0x5c1c, 0x63fc, 0x535a, 0x4297, 0x4295, 0x52f4, 0xa519, 0x0002, 0x0000, 0x0000, 0x0020, 0x0000, 
	0x0000, 0x0000, 0x0000, 0x0000, 0x0001, 0x10c6, 0x194c, 0x2a11, 0x3ab4, 0x4337, 0x4359, 0x3ad6, 0x6374, 0xad39, 0xb558, 0xc5dd, 
	0x5ab8, 0x39d8, 0x3195, 0x2930, 0x31ad, 0x0002, 0x0000, 0x0000, 0x0000, 0x0000, 0x0000, 0x0000, 0x8411, 0xbd98, 0xbd78, 0xce1d, 
	0x9d1d, 0x7c7d, 0x5bfc, 0x53db, 0x4339, 0x3256, 0x39f6, 0x4a56, 0x52b5, 0x6b75, 0x7bb3, 0x0001, 0x0000, 0x0000, 0x0000, 0x0000, 
	0x0000, 0x0000, 0x0000, 0x0000, 0x0000, 0x0001, 0x0064, 0x2169, 0x29ac, 0x2a10, 0x4317, 0x3ad6, 0x5b33, 0xa518, 0xb538, 0xcdfe, 
	0x631a, 0x4219, 0x39f7, 0x3171, 0x0003, 0x0000, 0x0000, 0x0000, 0x0000, 0x0000, 0x0000, 0x0000, 0x83f2, 0xbd99, 0xc599, 0xc5dc, 
	0x94dd, 0x6c1d, 0x5bfc, 0x5bdc, 0x42b8, 0x3a16, 0x41d6, 0x41d4, 0x5a93, 0x6b32, 0x39a8, 0x0000, 0x0000, 0x0000, 0x0000, 0x0000, 
	0x0000, 0x0000, 0x0000, 0x0000, 0x0000, 0x0000, 0x0000, 0x0001, 0x0064, 0x29ed, 0x4316, 0x3ab5, 0x52f2, 0xa4f8, 0xb558, 0xbdbd, 
	0x737b, 0x4a3a, 0x41f8, 0x2971, 0x0003, 0x0000, 0x0000, 0x0000, 0x0000, 0x0000, 0x0000, 0x0001, 0xa4f6, 0xbd78, 0xbd99, 0xbdbc, 
	0x847c, 0x63fc, 0x5c1c, 0x63fc, 0x52b9, 0x5237, 0x41b3, 0x5212, 0x312b, 0x0824, 0x0000, 0x0000, 0x0000, 0x0020, 0x0000, 0x0000, 
	0x0020, 0x0000, 0x0000, 0x0000, 0x0000, 0x0000, 0x0000, 0x0001, 0x0001, 0x0086, 0x42f5, 0x3294, 0x4a91, 0x9cd8, 0xad38, 0xb55b, 
	0x9c9e, 0x4a38, 0x4a39, 0x31d4, 0x0003, 0x0000, 0x0000, 0x0000, 0x0000, 0x0000, 0x0001, 0x4209, 0xb557, 0xbd79, 0xbd7a, 0xa51b, 
	0x6c1a, 0x5c1c, 0x5bfc, 0x63bc, 0x6afb, 0x72fa, 0x5211, 0x0004, 0x0002, 0x0000, 0x0000, 0x0000, 0x0000, 0x0000, 0x0000, 0x0000, 
	0x0000, 0x0000, 0x0000, 0x0000, 0x0000, 0x0000, 0x0000, 0x0000, 0x0001, 0x0004, 0x42f5, 0x3a95, 0x3a0f, 0x9497, 0xad17, 0xb53a, 
	0xd63f, 0x6af8, 0x527a, 0x4256, 0x0004, 0x0020, 0x0000, 0x0000, 0x0000, 0x0000, 0x0822, 0xad37, 0xb578, 0xb559, 0xb55c, 0x8439, 
	0x5379, 0x5c1c, 0x53db, 0x639b, 0x6b3c, 0x837a, 0x0005, 0x0001, 0x0000, 0x0000, 0x0000, 0x0000, 0x0000, 0x0000, 0x0000, 0x0000, 
	0x0000, 0x0000, 0x0000, 0x0000, 0x0000, 0x0000, 0x0000, 0x0001, 0x0002, 0x0046, 0x42d5, 0x3274, 0x192c, 0x83f5, 0xa4f7, 0xad17, 
	0xb53a, 0xc59f, 0x5256, 0x5ad7, 0x212b, 0x0002, 0x0000, 0x0000, 0x0000, 0x0822, 0xbd98, 0xb558, 0xb558, 0xb53a, 0x9cbb, 0x6b78, 
	0x537a, 0x4bbb, 0x5c1c, 0x9dbf, 0x7c3d, 0x7bd9, 0x0004, 0x0001, 0x0000, 0x0000, 0x0000, 0x0000, 0x0000, 0x0000, 0x0020, 0x0000, 
	0x0000, 0x0000, 0x0000, 0x0001, 0x0000, 0x0000, 0x0001, 0x0003, 0x21ab, 0x5313, 0x42f6, 0x3254, 0x218f, 0x296b, 0x9496, 0xad17, 
	0xb538, 0xbd5b, 0xce3f, 0x6b56, 0x7374, 0x0024, 0x0001, 0x0000, 0x630d, 0xad56, 0xbd98, 0xad18, 0xad39, 0xa51b, 0x6b98, 0x4ab7, 
	0x539b, 0x53bb, 0x53ba, 0x641b, 0x9d7f, 0xb65f, 0x8497, 0x0023, 0x0001, 0x0000, 0x0000, 0x0000, 0x0000, 0x0000, 0x0000, 0x0000, 
	0x0000, 0x0000, 0x0000, 0x0000, 0x0000, 0x0001, 0x0024, 0x4af2, 0x4b14, 0x4af6, 0x3ab6, 0x3275, 0x29d1, 0x08ca, 0x5af0, 0x9cb6, 
	0xacf7, 0xad18, 0xb55a, 0xbdbb, 0xbd9a, 0xbd9a, 0xad37, 0xbd98, 0xbdb8, 0xad57, 0xb557, 0xad18, 0xa51a, 0x73d8, 0x4ab6, 0x4b19, 
	0x4b5b, 0x4b9b, 0x4b9a, 0x4bba, 0x53ba, 0x749c, 0xae1f, 0xa59c, 0x5b10, 0x0002, 0x0001, 0x0001, 0x0000, 0x0000, 0x0020, 0x0000, 
	0x0000, 0x0000, 0x0000, 0x0000, 0x0000, 0x0002, 0x4290, 0x3ab3, 0x3ad6, 0x3ad7, 0x3ab7, 0x3ab6, 0x3253, 0x196e, 0x10a9, 0x62f1, 
	0x9c96, 0xa4f7, 0xad37, 0xad17, 0xb558, 0xb538, 0xb578, 0xb558, 0xb538, 0xad17, 0xad38, 0xa4d9, 0x7396, 0x4253, 0x3a96, 0x433a, 
	0x4b7b, 0x4b7b, 0x4359, 0x4b9a, 0x4379, 0x4379, 0x5bda, 0x8d1d, 0x8c78, 0x9476, 0x0002, 0x0000, 0x0000, 0x0000, 0x0000, 0x0000, 
	0x0000, 0x0000, 0x0020, 0x0000, 0x0000, 0x10c6, 0x29ef, 0x3ab5, 0x32b5, 0x32d6, 0x3ab6, 0x3275, 0x3275, 0x29f2, 0x10cb, 0x20ea, 
	0x5a8f, 0x9435, 0xa496, 0xacd7, 0xa4d7, 0xad18, 0xacd7, 0xacf7, 0xa4b7, 0xa4b8, 0x8bf7, 0x5ab4, 0x3a13, 0x3214, 0x42f8, 0x437a, 
	0x439b, 0x3b5a, 0x435a, 0x435a, 0x433a, 0x435a, 0x433a, 0x4b18, 0x73b8, 0xb55b, 0x0002, 0x0000, 0x0020, 0x0000, 0x0000, 0x0000, 
	0x0000, 0x0000, 0x0000, 0x0000, 0x0000, 0x0002, 0x21ae, 0x3253, 0x3295, 0x3295, 0x32b6, 0x3ad7, 0x3296, 0x3254, 0x31d1, 0x10ab, 
	0x18ca, 0x316b, 0x62f1, 0x7b93, 0x8c15, 0x8c15, 0x9436, 0x8bd5, 0x7333, 0x5a92, 0x4211, 0x31b1, 0x29f4, 0x42d8, 0x4318, 0x4339, 
	0x3b19, 0x3b3a, 0x3b3a, 0x3b19, 0x431a, 0x42fa, 0x42f9, 0x3a55, 0x7bd8, 0x7bb5, 0x0001, 0x0000, 0x0000, 0x0000, 0x0000, 0x0000, 
	0x0000, 0x0000, 0x0000, 0x0000, 0x0000, 0x0002, 0x0087, 0x3210, 0x3273, 0x3274, 0x3295, 0x3ad6, 0x3a95, 0x3a74, 0x3a53, 0x29d0, 
	0x212d, 0x18eb, 0x18eb, 0x292c, 0x39ae, 0x41ae, 0x41af, 0x41d0, 0x3990, 0x18ce, 0x192f, 0x3234, 0x3ad8, 0x3ad8, 0x3ab7, 0x3ab7, 
	0x32b8, 0x3af9, 0x3b19, 0x3b19, 0x42f9, 0x3ab8, 0x3a76, 0x52f6, 0x8c58, 0x31aa, 0x0001, 0x0000, 0x0000, 0x0000, 0x0000, 0x0000, 
	0x0000, 0x0000, 0x0000, 0x0000, 0x0000, 0x0001, 0x0024, 0x192b, 0x3231, 0x3274, 0x3275, 0x3274, 0x3253, 0x29d1, 0x192e, 0x3a11, 
	0x31d0, 0x29af, 0x190d, 0x190d, 0x210d, 0x18ed, 0x20ee, 0x210f, 0x2131, 0x29d3, 0x3a75, 0x32b6, 0x3ab7, 0x3255, 0x29f3, 0x10ee, 
	0x3254, 0x3ab6, 0x3ad7, 0x3ab7, 0x3a97, 0x3a76, 0x31d1, 0x8c59, 0x62f0, 0x0001, 0x0001, 0x0000, 0x0000, 0x0000, 0x0000, 0x0000, 
	0x0000, 0x0000, 0x0000, 0x0000, 0x0000, 0x0000, 0x0001, 0x0065, 0x216d, 0x3212, 0x3213, 0x29d1, 0x216f, 0x29ae, 0x296d, 0x212c, 
	0x298e, 0x31f0, 0x29b1, 0x21b1, 0x21b1, 0x2191, 0x29d2, 0x3214, 0x3255, 0x3a97, 0x3a96, 0x3255, 0x29f3, 0x39f3, 0x294e, 0x18eb, 
	0x192b, 0x218d, 0x4294, 0x3a55, 0x3a34, 0x3a12, 0x73b5, 0x8435, 0x0843, 0x0000, 0x0001, 0x0000, 0x0000, 0x0000, 0x0000, 0x0000, 
	0x0000, 0x0000, 0x0000, 0x0000, 0x0000, 0x0000, 0x0000, 0x0002, 0x0046, 0x298d, 0x31af, 0x296e, 0x296d, 0x318c, 0x294a, 0x20e9, 
	0x1909, 0x216d, 0x2a12, 0x3275, 0x3275, 0x3275, 0x3276, 0x3276, 0x3ad8, 0x3ad8, 0x3256, 0x21b2, 0x2971, 0x210e, 0x20c9, 0x1045, 
	0x0003, 0x0025, 0x212c, 0x298f, 0x31d0, 0x6b75, 0x7bd3, 0x0843, 0x0000, 0x0000, 0x0000, 0x0000, 0x0000, 0x0000, 0x0000, 0x0000, 
	0x0000, 0x0000, 0x0000, 0x0000, 0x0000, 0x0000, 0x0000, 0x0000, 0x0002, 0x0845, 0x318c, 0x318c, 0x294a, 0x2929, 0x2928, 0x1084, 
	0x0002, 0x0046, 0x2a11, 0x3ab6, 0x32b6, 0x32b7, 0x3ab7, 0x3ab8, 0x3ad9, 0x42f9, 0x5319, 0x4a96, 0x39f2, 0x294c, 0x0003, 0x0000, 
	0x0000, 0x0001, 0x0004, 0x2109, 0x4a6e, 0x6330, 0x0843, 0x0001, 0x0000, 0x0000, 0x0000, 0x0000, 0x0020, 0x0000, 0x0000, 0x0000, 
	0x0000, 0x0000, 0x0000, 0x0000, 0x0000, 0x0000, 0x0000, 0x0000, 0x0000, 0x0002, 0x0003, 0x2928, 0x3169, 0x2927, 0x0001, 0x0000, 
	0x0000, 0x0003, 0x29f0, 0x3ab6, 0x3ad7, 0x3af8, 0x3ad8, 0x3ab8, 0x3af9, 0x42fa, 0x535a, 0x5b18, 0x5ad5, 0x292b, 0x0001, 0x0000, 
	0x0000, 0x0000, 0x0001, 0x0001, 0x0001, 0x0001, 0x0000, 0x0000, 0x0000, 0x0000, 0x0000, 0x0000, 0x0000, 0x0000, 0x0020, 0x0000, 
	0x0000, 0x0000, 0x0000, 0x0000, 0x0000, 0x0000, 0x0000, 0x0000, 0x0000, 0x0000, 0x0000, 0x0000, 0x0000, 0x0000, 0x0021, 0x0000, 
	0x0000, 0x0002, 0x29f0, 0x3ab6, 0x32b6, 0x32b7, 0x32b8, 0x3ad8, 0x3af9, 0x3b1a, 0x4b3a, 0x5318, 0x5af5, 0x294b, 0x0002, 0x0000, 
	0x0000, 0x0000, 0x0000, 0x0000, 0x0020, 0x0000, 0x0000, 0x0000, 0x0020, 0x0000, 0x0000, 0x0000, 0x0000, 0x0000, 0x0000, 0x0000, 
	0x0000, 0x0000, 0x0000, 0x0000, 0x0000, 0x0000, 0x0000, 0x0000, 0x0000, 0x0000, 0x0000, 0x0000, 0x0000, 0x0000, 0x0000, 0x0000, 
	0x0000, 0x0002, 0x21ae, 0x3a94, 0x3296, 0x3297, 0x3297, 0x32b8, 0x32b8, 0x4319, 0x4b39, 0x5338, 0x5b15, 0x18e9, 0x0002, 0x0000, 
	0x0000, 0x0000, 0x0000, 0x0000, 0x0000, 0x0000, 0x0000, 0x0000, 0x0000, 0x0000, 0x0000, 0x0000, 0x0000, 0x0000, 0x0000, 0x0000, 
	0x0000, 0x0000, 0x0000, 0x0000, 0x0000, 0x0000, 0x0000, 0x0000, 0x0000, 0x0000, 0x0000, 0x0000, 0x0000, 0x0000, 0x0000, 0x0000, 
	0x0000, 0x0001, 0x298c, 0x29f1, 0x3253, 0x2a34, 0x3256, 0x3276, 0x3297, 0x3a97, 0x42d7, 0x5b57, 0x5ad2, 0x0004, 0x0001, 0x0000, 
	0x0000, 0x0000, 0x0000, 0x0000, 0x0000, 0x0000, 0x0000, 0x0000, 0x0000, 0x0000, 0x0000, 0x0000, 0x0000, 0x0000, 0x0000, 0x0000, 
	0x0000, 0x0000, 0x0000, 0x0000, 0x0000, 0x0000, 0x0000, 0x0000, 0x0000, 0x0000, 0x0000, 0x0000, 0x0000, 0x0000, 0x0000, 0x0000, 
	0x0000, 0x0001, 0x10a7, 0x298d, 0x194d, 0x29d0, 0x29b0, 0x21b0, 0x29d1, 0x29f1, 0x4293, 0x4ab2, 0x318b, 0x0002, 0x0000, 0x0000, 
	0x0000, 0x0000, 0x0000, 0x0000, 0x0000, 0x0000, 0x0000, 0x0000, 0x0000, 0x0000, 0x0000, 0x0000, 0x0000, 0x0000, 0x0000, 0x0000, 
	0x0000, 0x0000, 0x0000, 0x0000, 0x0000, 0x0000, 0x0000, 0x0000, 0x0000, 0x0000, 0x0000, 0x0000, 0x0000, 0x0000, 0x0000, 0x0000, 
	0x0000, 0x0000, 0x0001, 0x0002, 0x2969, 0x2149, 0x294a, 0x296a, 0x2129, 0x2149, 0x2949, 0x0023, 0x0001, 0x0000, 0x0000, 0x0000, 
	0x0000, 0x0000, 0x0000, 0x0000, 0x0000, 0x0000, 0x0000, 0x0000, 0x0000, 0x0000, 0x0000, 0x0000, 0x0000, 0x0000, 0x0000, 0x0000, 
	0x0000, 0x0000, 0x0000, 0x0000, 0x0000, 0x0000, 0x0000, 0x0000, 0x0000, 0x0000, 0x0000, 0x0000, 0x0000, 0x0000, 0x0000, 0x0000, 
	0x0000, 0x0000, 0x0000, 0x0000, 0x0001, 0x0001, 0x0001, 0x0000, 0x0000, 0x0000, 0x0001, 0x0000, 0x0000, 0x0000, 0x0000, 0x0020, 
	0x0000, 0x0000, 0x0000, 0x0000, 0x0000, 0x0000, 0x0000, 0x0000, 0x0000, 0x0000, 0x0000, 0x0000, 0x0000, 0x0000, 0x0000, 0x0000, 
	0x0000, 0x0000, 0x0000, 0x0000, 0x0000, 0x0000, 0x0000, 0x0000, 0x0000, 0x0000, 0x0000, 0x0000, 0x0000, 0x0000, 0x0000, 0x0000, 
	0x0000, 0x0000, 0x0000, 0x0000, 0x0000, 0x0000, 0x0000, 0x0000, 0x0000, 0x0000, 0x0000, 0x0000, 0x0000, 0x0000, 0x0000, 0x0000, 
	0x0000, 0x0000, 0x0000, 0x0000, 0x0000, 0x0000, 0x0000, 0x0000, 0x0000, 0x0000, 0x0000, 0x0000, 0x0000, 0x0000, 0x0000, 0x0000, 
	0x0000, 0x0000, 0x0000, 0x0000, 0x0000, 0x0000, 0x0000, 0x0000, 0x0000, 0x0000, 0x0000, 0x0000, 0x0000, 0x0000, 0x0000, 0x0000, 
	0x0000, 0x0000, 0x0000, 0x0000, 0x0000, 0x0000, 0x0000, 0x0000, 0x0020, 0x0000, 0x0000, 0x0000, 0x0000, 0x0000, 0x0000, 0x0000, 
	0x0000, 0x0000, 0x0000, 0x0000, 0x0000, 0x0000, 0x0000, 0x0000, 0x0000, 0x0000, 0x0000, 0x0000, 0x0000, 0x0000, 0x0000, 0x0000, 
	0x0000, 0x0000, 0x0000, 0x0000, 0x0000, 0x0000, 0x0000, 0x0000, 0x0000, 0x0000, 0x0000, 0x0000, 0x0000, 0x0000, 0x0000, 0x0000, 
	0x0000, 0x0000, 0x0000, 0x0000, 0x0000, 0x0000, 0x0000, 0x0000, 0x0000, 0x0000, 0x0000, 0x0000, 0x0000, 0x0000, 0x0000, 0x0020, 
	0x0000, 0x0000, 0x0000, 0x0000, 0x0000, 0x0000, 0x0000, 0x0000, 0x0000, 0x0000, 0x0000, 0x0000, 0x0000, 0x0000, 0x0000, 0x0000, 
	0x0000, 0x0000, 0x0000, 0x0000, 0x0000, 0x0000, 0x0000, 0x0000, 0x0000, 0x0020, 0x0000, 0x0000, 0x0000, 0x0000, 0x0000, 0x0000, 
	0x0000, 0x0000, 0x0000, 0x0000, 0x0000, 0x0000, 0x0000, 0x0000, 0x0000, 0x0000, 0x0000, 0x0000, 0x0000, 0x0000, 0x0020, 0x0000, 
	0x0000, 0x0000, 0x0000, 0x0000, 0x0000, 0x0000, 0x0000, 0x0000, 0x0000, 0x0000, 0x0000, 0x0000, 0x0000, 0x0000, 0x0000, 0x0000
};


























// 'resized-infrared-beam-sending (1)', 32x32px
const uint16_t infrared32[] = {
	0x0000, 0x0000, 0x0000, 0x0000, 0x0000, 0x0000, 0x0000, 0x0000, 0x0000, 0x0000, 0x0000, 0x0000, 0x0000, 0x0000, 0x0000, 0x0000, 
	0x0020, 0x0020, 0x0000, 0x0000, 0x0000, 0x0000, 0x0000, 0x0000, 0x0000, 0x0000, 0x0000, 0x0000, 0x0000, 0x0000, 0x0000, 0x0000, 
	0x0000, 0x0000, 0x0020, 0x0000, 0x0000, 0x0000, 0x0000, 0x0000, 0x0000, 0x0000, 0x0000, 0x0020, 0x0000, 0x0000, 0x0800, 0x0800, 
	0x0800, 0x0800, 0x0800, 0x0800, 0x0000, 0x0800, 0x0000, 0x0000, 0x0000, 0x0000, 0x0000, 0x0000, 0x0000, 0x0020, 0x0000, 0x0000, 
	0x0000, 0x0000, 0x0000, 0x0000, 0x4a8a, 0x52cc, 0x52ab, 0x52ab, 0x5acb, 0x1082, 0x0000, 0x0000, 0x0000, 0x0800, 0x5986, 0x8229, 
	0x7a08, 0x7a49, 0x4904, 0x1000, 0x0800, 0x0000, 0x0000, 0x0000, 0x0000, 0x0000, 0x0000, 0x0000, 0x0000, 0x0000, 0x0020, 0x0000, 
	0x0000, 0x0000, 0x0000, 0x4a69, 0xa576, 0xadb8, 0xb5b8, 0xb5d8, 0xb5b7, 0x8410, 0x0841, 0x0000, 0x0000, 0x0000, 0x7aaa, 0xb3af, 
	0xbbaf, 0xbbf0, 0xa38e, 0x8b0c, 0x9b8e, 0x1000, 0x0800, 0x0000, 0x0000, 0x0000, 0x0000, 0x0000, 0x0000, 0x0020, 0x0000, 0x0000, 
	0x0000, 0x0000, 0x0000, 0x73af, 0xa5b7, 0xa5d8, 0xadd8, 0xadb7, 0xa576, 0xb5d7, 0x7bcf, 0x0000, 0x0021, 0x0000, 0x1821, 0x1800, 
	0x2821, 0x3021, 0x5945, 0xa2ec, 0xcbaf, 0xc3af, 0x9b6e, 0x0800, 0x0000, 0x0000, 0x0000, 0x0800, 0x0000, 0x0000, 0x0000, 0x0000, 
	0x0000, 0x0000, 0x0000, 0x634d, 0xa5b7, 0xae19, 0xb619, 0xadd8, 0xadb7, 0xa576, 0x8451, 0x0000, 0x0000, 0x0000, 0x0800, 0x1800, 
	0x1000, 0x1800, 0x2000, 0x3000, 0x89a7, 0xaaab, 0xc410, 0x8acb, 0x1000, 0x0000, 0x0800, 0x0000, 0x0000, 0x0000, 0x0000, 0x0000, 
	0x0000, 0x0000, 0x0000, 0x636d, 0xadb6, 0xbe39, 0xbe39, 0xbe19, 0xad77, 0xa556, 0x8452, 0x0000, 0x0000, 0x0000, 0x2841, 0xc492, 
	0x48a3, 0x48a2, 0x50a3, 0x3000, 0x2000, 0x2000, 0x81e8, 0xc3cf, 0x7a29, 0x1800, 0x0800, 0x0000, 0x0000, 0x0000, 0x0000, 0x0000, 
	0x0000, 0x0001, 0x0000, 0x634d, 0xad96, 0xc639, 0xbe39, 0xb5f8, 0xa577, 0x9d36, 0x7c10, 0x0000, 0x0020, 0x0800, 0x4945, 0x7228, 
	0x9b4d, 0xabae, 0xbc30, 0x828a, 0x61c7, 0x2000, 0x3800, 0x81e8, 0xbb8f, 0x7a29, 0x1000, 0x0800, 0x0000, 0x0000, 0x0000, 0x0000, 
	0x0000, 0x0000, 0x0001, 0x5b0d, 0xa556, 0xbdf8, 0xbe18, 0xb5d8, 0x9d56, 0x9d15, 0x7bf0, 0x0001, 0x0000, 0x0000, 0x0800, 0x1000, 
	0x30c3, 0x38a2, 0x5124, 0x92cb, 0xcc10, 0x9249, 0x2000, 0x3000, 0x8a28, 0xbbcf, 0x8aec, 0x1000, 0x0000, 0x0000, 0x0000, 0x0000, 
	0x0000, 0x0000, 0x0001, 0x52ed, 0x9d15, 0xad97, 0xadb7, 0xa596, 0x9515, 0x8cb3, 0x73b0, 0x0001, 0x0000, 0x0000, 0x1000, 0x1800, 
	0x2000, 0x2800, 0x2000, 0x3800, 0x9228, 0xc3ae, 0x826a, 0x2000, 0x3000, 0x92ab, 0xc452, 0x1800, 0x0800, 0x0000, 0x0000, 0x0000, 
	0x0000, 0x0000, 0x0000, 0x52cc, 0x8cb4, 0x9d35, 0x9d35, 0x9d15, 0x8cd4, 0x8473, 0x7390, 0x0000, 0x0000, 0x1000, 0x60e3, 0xb28a, 
	0xc249, 0x9104, 0x3000, 0x2800, 0x2800, 0x92ab, 0xcbf1, 0x8a2a, 0x1800, 0x5126, 0xc34f, 0xbb4e, 0x1000, 0x0000, 0x0000, 0x0000, 
	0x0000, 0x0000, 0x0000, 0x4aab, 0x8452, 0x8cb4, 0x8cb4, 0x8cb4, 0x8452, 0x7c11, 0x734e, 0x0000, 0x0000, 0x1000, 0x4840, 0x78a2, 
	0x88a2, 0x9925, 0xaa6a, 0x6924, 0x2800, 0x2000, 0xa28c, 0x924a, 0x1801, 0x1800, 0xbaed, 0xbaed, 0x1000, 0x0000, 0x0000, 0x0000, 
	0x0000, 0x0000, 0x0000, 0x4a8b, 0x7bf1, 0x8433, 0x8432, 0x8432, 0x7c31, 0x7bf0, 0x730d, 0x38e4, 0x0800, 0x0800, 0x1000, 0x1000, 
	0x1800, 0x4000, 0x9104, 0xb228, 0x3800, 0x2000, 0x5022, 0xbb8f, 0x5166, 0x1800, 0x89c8, 0xb30d, 0x38c3, 0x0800, 0x0000, 0x0000, 
	0x0000, 0x0000, 0x0000, 0x4a6a, 0x73b0, 0x7bf1, 0x7bf1, 0x73f1, 0x6bd0, 0x738e, 0x7aab, 0x8acb, 0x6166, 0x38a2, 0x0000, 0x0000, 
	0x0000, 0x1800, 0x5000, 0x8904, 0x6103, 0x2000, 0x4821, 0xab6e, 0x5966, 0x2000, 0x3000, 0xbbaf, 0x7269, 0x0800, 0x0000, 0x0000, 
	0x0000, 0x0000, 0x0000, 0x424a, 0x6b6e, 0x6baf, 0x6b90, 0x6bb0, 0x638f, 0x6b2d, 0x826a, 0x9a49, 0xaa49, 0x60a3, 0x1000, 0x0000, 
	0x0000, 0x1000, 0x2800, 0x68c3, 0x9207, 0x3000, 0x2800, 0x69c7, 0x92ab, 0x4000, 0x3000, 0xb38e, 0x7a89, 0x1000, 0x0000, 0x0000, 
	0x0000, 0x0000, 0x0000, 0x4229, 0x5b2d, 0x634e, 0x5b4e, 0x5b4f, 0x5b4e, 0x6aec, 0x8249, 0x9186, 0xa9a7, 0x6841, 0x1000, 0x0000, 
	0x0000, 0x0800, 0x2000, 0x60c3, 0x91e7, 0x3000, 0x2000, 0x5965, 0xab2d, 0x4800, 0x3000, 0xb38e, 0x7249, 0x1000, 0x0800, 0x0000, 
	0x0000, 0x0000, 0x0000, 0x3a09, 0x530c, 0x530d, 0x530d, 0x52ed, 0x52ed, 0x62ab, 0x8228, 0x8124, 0x9103, 0x6020, 0x1000, 0x0000, 
	0x0000, 0x0800, 0x2000, 0x60c3, 0x89a5, 0x3000, 0x2000, 0x5146, 0xab4d, 0x4800, 0x3000, 0xb38f, 0x7a49, 0x1000, 0x0800, 0x0000, 
	0x0000, 0x0000, 0x0000, 0x31c8, 0x52cb, 0x52cc, 0x52cc, 0x4aac, 0x4aac, 0x5a8b, 0x7a29, 0x7124, 0x7903, 0x4800, 0x1000, 0x0000, 
	0x0000, 0x1000, 0x3000, 0x70c3, 0x8185, 0x3000, 0x2800, 0x7209, 0x92cb, 0x3800, 0x3000, 0xb38f, 0x71e8, 0x1800, 0x0800, 0x0000, 
	0x0000, 0x0000, 0x0000, 0x31a7, 0x4a6a, 0x4a6b, 0x4a8b, 0x4a6b, 0x426a, 0x4a6a, 0x6a6a, 0x5124, 0x3020, 0x1800, 0x0000, 0x0000, 
	0x0000, 0x1800, 0x5800, 0x8904, 0x60c2, 0x2800, 0x5042, 0xb38f, 0x5124, 0x2000, 0x2800, 0xb3ae, 0x69e7, 0x1000, 0x0800, 0x0000, 
	0x0000, 0x0000, 0x0000, 0x31a7, 0x4a4a, 0x4a2a, 0x422a, 0x424a, 0x3a49, 0x4249, 0x5a8b, 0x1000, 0x0800, 0x0800, 0x1000, 0x1000, 
	0x1800, 0x4000, 0x9965, 0x9145, 0x3000, 0x2800, 0x5821, 0xbb6e, 0x4904, 0x1800, 0x926a, 0xab2c, 0x3081, 0x0800, 0x0800, 0x0000, 
	0x0000, 0x0000, 0x0020, 0x2986, 0x4209, 0x4209, 0x4209, 0x3a08, 0x3a08, 0x4209, 0x5a8b, 0x0000, 0x0000, 0x1000, 0x3000, 0x91a5, 
	0xc2aa, 0x9986, 0x8965, 0x5040, 0x2000, 0x2000, 0xbb0d, 0x89a8, 0x2000, 0x1800, 0xc38f, 0xa26a, 0x1000, 0x0000, 0x0000, 0x0000, 
	0x0000, 0x0000, 0x0020, 0x2165, 0x39c8, 0x39c8, 0x39c8, 0x39c8, 0x31e7, 0x3a08, 0x528b, 0x0001, 0x0000, 0x0800, 0x58c2, 0x8103, 
	0x8903, 0x7061, 0x3800, 0x2800, 0x2000, 0xc410, 0xb30d, 0x7105, 0x1800, 0x3862, 0xc36e, 0x9209, 0x1000, 0x0000, 0x0000, 0x0000, 
	0x0000, 0x0000, 0x0000, 0x2945, 0x31a7, 0x31a8, 0x31a8, 0x31c8, 0x31c7, 0x39e8, 0x528b, 0x0000, 0x0000, 0x0800, 0x0800, 0x1800, 
	0x1800, 0x2000, 0x1800, 0x4041, 0xbb2d, 0xb30d, 0x6946, 0x2000, 0x3800, 0xab2d, 0xaaec, 0x2800, 0x1000, 0x0000, 0x0000, 0x0000, 
	0x0000, 0x0000, 0x0000, 0x2925, 0x3187, 0x31a7, 0x2987, 0x31a7, 0x29a7, 0x39e8, 0x528a, 0x0000, 0x0000, 0x0000, 0x0000, 0x0800, 
	0x28a3, 0x51a7, 0x5986, 0x9b0c, 0xb30d, 0x68e4, 0x2000, 0x3882, 0xa30c, 0xb34d, 0x6186, 0x1800, 0x0800, 0x0000, 0x0000, 0x0000, 
	0x0000, 0x0000, 0x0000, 0x2125, 0x3186, 0x2986, 0x2986, 0x31a7, 0x31a7, 0x39a7, 0x528b, 0x0000, 0x0000, 0x0800, 0x38c2, 0x69e7, 
	0x82ab, 0xabaf, 0xa32d, 0x6986, 0x40c3, 0x1800, 0x3821, 0xab6e, 0xbbcf, 0x5944, 0x1800, 0x0000, 0x0000, 0x0000, 0x0000, 0x0000, 
	0x0000, 0x0000, 0x0000, 0x2124, 0x2966, 0x3186, 0x2986, 0x2986, 0x31a7, 0x41e8, 0x526a, 0x0000, 0x0000, 0x0800, 0x2820, 0x7a48, 
	0x5104, 0x3821, 0x3800, 0x3000, 0x1800, 0x1800, 0xab8e, 0xb3af, 0x5945, 0x2000, 0x0000, 0x0000, 0x0000, 0x0000, 0x0000, 0x0000, 
	0x0000, 0x0000, 0x0000, 0x2944, 0x2965, 0x2986, 0x2986, 0x3186, 0x39c7, 0x39c7, 0x5aab, 0x0000, 0x0000, 0x0000, 0x0800, 0x0800, 
	0x0800, 0x1000, 0x2000, 0x2800, 0x92aa, 0xdc91, 0xb32c, 0x6145, 0x1800, 0x0000, 0x0000, 0x0020, 0x0000, 0x0000, 0x0000, 0x0000, 
	0x0000, 0x0000, 0x0000, 0x2124, 0x2986, 0x2986, 0x2966, 0x31a6, 0x39c7, 0x39e7, 0x4a49, 0x0000, 0x0000, 0x0000, 0x1821, 0x2862, 
	0x2881, 0x3061, 0x7209, 0xcc72, 0xb38e, 0x9248, 0x6124, 0x2000, 0x0800, 0x0000, 0x0020, 0x0000, 0x0000, 0x0000, 0x0000, 0x0000, 
	0x0000, 0x0000, 0x0000, 0x18c3, 0x31a6, 0x31a6, 0x3186, 0x39a6, 0x39c6, 0x3185, 0x0000, 0x0000, 0x0000, 0x0800, 0x69c7, 0xab6e, 
	0xb3ae, 0xb38e, 0x8a8b, 0x6987, 0x5966, 0x1800, 0x1000, 0x0800, 0x0000, 0x0000, 0x0000, 0x0000, 0x0000, 0x0000, 0x0000, 0x0000, 
	0x0000, 0x0000, 0x0000, 0x0000, 0x18c3, 0x18e3, 0x18c3, 0x18c3, 0x20e3, 0x0840, 0x0000, 0x0000, 0x0020, 0x0800, 0x3861, 0x50c3, 
	0x58e3, 0x50c3, 0x3821, 0x2000, 0x1000, 0x0800, 0x0000, 0x0000, 0x0000, 0x0000, 0x0000, 0x0000, 0x0000, 0x0000, 0x0000, 0x0000, 
	0x0000, 0x0000, 0x0000, 0x0000, 0x0000, 0x0000, 0x0000, 0x0000, 0x0000, 0x0000, 0x0020, 0x0000, 0x0000, 0x0000, 0x0800, 0x1000, 
	0x1000, 0x0800, 0x0800, 0x0800, 0x0000, 0x0000, 0x0000, 0x0000, 0x0000, 0x0000, 0x0000, 0x0000, 0x0000, 0x0000, 0x0000, 0x0000, 
	0x0000, 0x0000, 0x0000, 0x0000, 0x0000, 0x0000, 0x0000, 0x0000, 0x0000, 0x0000, 0x0000, 0x0000, 0x0000, 0x0000, 0x0000, 0x0000, 
	0x0000, 0x0000, 0x0000, 0x0000, 0x0000, 0x0000, 0x0000, 0x0000, 0x0000, 0x0000, 0x0000, 0x0000, 0x0020, 0x0000, 0x0000, 0x0000
};
// 'resized-bluetooth-searching-3d-icon-png-download-5313512 (1)', 32x32px
const uint16_t bluetooth32[] = {
	0x0000, 0x0000, 0x0000, 0x0001, 0x0000, 0x0001, 0x0002, 0x0005, 0x096e, 0x4358, 0x012e, 0x0007, 0x0001, 0x0000, 0x0000, 0x0000, 
	0x0000, 0x0000, 0x0000, 0x0000, 0x0000, 0x0000, 0x0000, 0x0000, 0x0000, 0x0000, 0x0000, 0x0000, 0x0000, 0x0000, 0x0000, 0x0000, 
	0x0000, 0x0000, 0x0000, 0x0000, 0x0000, 0x0001, 0x0003, 0x19ac, 0x53b8, 0x74de, 0x4b58, 0x2210, 0x0025, 0x0001, 0x0001, 0x0000, 
	0x0000, 0x0000, 0x0000, 0x0000, 0x0000, 0x0000, 0x0000, 0x0000, 0x0000, 0x0000, 0x0000, 0x0000, 0x0000, 0x0000, 0x0000, 0x0000, 
	0x0000, 0x0000, 0x0000, 0x0000, 0x0000, 0x0001, 0x0004, 0x3271, 0x5bfb, 0x53dc, 0x4bbc, 0x4318, 0x3273, 0x0006, 0x0002, 0x0000, 
	0x0000, 0x0000, 0x0000, 0x0000, 0x0000, 0x0000, 0x0000, 0x0000, 0x0000, 0x0000, 0x0000, 0x0000, 0x0000, 0x0000, 0x0000, 0x0000, 
	0x0000, 0x0000, 0x0020, 0x0000, 0x0000, 0x0002, 0x0005, 0x2a51, 0x643c, 0x439b, 0x4bbd, 0x4bde, 0x3b1a, 0x2212, 0x0005, 0x0001, 
	0x0020, 0x0000, 0x0000, 0x0001, 0x0000, 0x0000, 0x0000, 0x0000, 0x0000, 0x0020, 0x0000, 0x0000, 0x0001, 0x0000, 0x0000, 0x0020, 
	0x0000, 0x0000, 0x0000, 0x0000, 0x0000, 0x0001, 0x0005, 0x3252, 0x5c1c, 0x437c, 0x2adb, 0x43be, 0x4bbd, 0x4339, 0x2231, 0x0005, 
	0x0001, 0x0020, 0x0000, 0x0001, 0x0000, 0x0000, 0x0000, 0x0000, 0x0000, 0x0001, 0x0001, 0x0002, 0x0001, 0x0001, 0x0020, 0x0000, 
	0x0000, 0x0000, 0x0000, 0x0000, 0x0000, 0x0002, 0x0006, 0x3252, 0x5c1c, 0x4bbd, 0x1a58, 0x2afb, 0x4bbf, 0x437c, 0x4339, 0x2211, 
	0x0024, 0x0001, 0x0000, 0x0000, 0x0000, 0x0000, 0x0000, 0x0000, 0x0000, 0x0002, 0x00a7, 0x1109, 0x0866, 0x0002, 0x0000, 0x0000, 
	0x0000, 0x0000, 0x0000, 0x0000, 0x0000, 0x0002, 0x0005, 0x2a32, 0x5c3c, 0x437b, 0x1a36, 0x11f6, 0x32ba, 0x53be, 0x4bbd, 0x3b18, 
	0x29f2, 0x0006, 0x0001, 0x0000, 0x0000, 0x0000, 0x0000, 0x0000, 0x0000, 0x0002, 0x5396, 0x643a, 0x21ef, 0x0005, 0x0001, 0x0000, 
	0x0002, 0x0002, 0x0003, 0x0003, 0x0002, 0x0003, 0x0006, 0x3252, 0x5c1c, 0x4b9b, 0x2255, 0x000b, 0x19b3, 0x3ab8, 0x4b9d, 0x4bbd, 
	0x3afa, 0x21d1, 0x0003, 0x0000, 0x0001, 0x0001, 0x0001, 0x0001, 0x0000, 0x0003, 0x53d9, 0x43bb, 0x32b6, 0x0049, 0x0002, 0x0000, 
	0x0006, 0x2a0f, 0x6419, 0x3272, 0x0067, 0x0005, 0x0006, 0x3252, 0x5c1c, 0x4b9a, 0x2a53, 0x0008, 0x0007, 0x198f, 0x32d8, 0x4bbe, 
	0x4b9d, 0x3af7, 0x08e9, 0x0002, 0x0002, 0x0004, 0x0088, 0x0005, 0x0002, 0x0003, 0x3af6, 0x4bbd, 0x3b3b, 0x21f3, 0x0003, 0x0000, 
	0x00aa, 0x5bb7, 0x53fc, 0x53bb, 0x3ab4, 0x0069, 0x0029, 0x2a32, 0x5c1d, 0x4b9a, 0x2a52, 0x0028, 0x0006, 0x0007, 0x2a97, 0x3b3d, 
	0x4bdf, 0x32d8, 0x092b, 0x0004, 0x0004, 0x3a90, 0x6c39, 0x3ab3, 0x0004, 0x0004, 0x19b1, 0x4bbc, 0x439d, 0x2276, 0x0046, 0x0002, 
	0x0068, 0x42b3, 0x4339, 0x4bdd, 0x437b, 0x2a97, 0x004d, 0x2255, 0x5c1e, 0x539b, 0x2233, 0x0009, 0x0008, 0x19f1, 0x437b, 0x4bde, 
	0x4b9e, 0x2a35, 0x08a9, 0x0003, 0x0005, 0x63f7, 0x539a, 0x3ad7, 0x218e, 0x0007, 0x0008, 0x4b78, 0x4bbd, 0x32b7, 0x008a, 0x0005, 
	0x0004, 0x0068, 0x3275, 0x433b, 0x4bbd, 0x439d, 0x2298, 0x2a98, 0x5bfe, 0x4b7c, 0x2a55, 0x000b, 0x2254, 0x439a, 0x53fd, 0x4b9d, 
	0x2236, 0x08ee, 0x0005, 0x0003, 0x0005, 0x42f4, 0x53dc, 0x435b, 0x29f1, 0x0007, 0x0007, 0x4b35, 0x4bbb, 0x3b19, 0x21d0, 0x0007, 
	0x0001, 0x0003, 0x0048, 0x3295, 0x433b, 0x4bde, 0x439d, 0x2ab9, 0x5c3f, 0x4b7c, 0x2237, 0x1a16, 0x3b7b, 0x4bdc, 0x437c, 0x2257, 
	0x090e, 0x0006, 0x0002, 0x0001, 0x0004, 0x29ef, 0x53db, 0x4b9b, 0x2a54, 0x0029, 0x0006, 0x198e, 0x5c1c, 0x435a, 0x2a33, 0x0009, 
	0x0000, 0x0001, 0x0004, 0x00aa, 0x2a75, 0x435b, 0x4bbd, 0x439d, 0x53fe, 0x4b9d, 0x2279, 0x3b5d, 0x4bfe, 0x439c, 0x2236, 0x090f, 
	0x0007, 0x0005, 0x0024, 0x0003, 0x0003, 0x00a9, 0x53db, 0x4bbc, 0x2a76, 0x004b, 0x0006, 0x194c, 0x645c, 0x4b7b, 0x2234, 0x002b, 
	0x0000, 0x0000, 0x0001, 0x0004, 0x00aa, 0x2a74, 0x437b, 0x43bd, 0x4bbc, 0x4b9c, 0x32fa, 0x4bbe, 0x439e, 0x2236, 0x110d, 0x0007, 
	0x0008, 0x3272, 0x4336, 0x00aa, 0x0003, 0x0004, 0x5bda, 0x4b9d, 0x32ba, 0x0931, 0x0006, 0x112b, 0x645c, 0x53dc, 0x2a15, 0x004d, 
	0x0000, 0x0000, 0x0000, 0x0001, 0x0005, 0x008b, 0x2297, 0x3b5c, 0x4bbd, 0x53fe, 0x43bd, 0x4bbe, 0x1a58, 0x0931, 0x0006, 0x0005, 
	0x3273, 0x53da, 0x645e, 0x3274, 0x0023, 0x0003, 0x5bba, 0x53be, 0x32bb, 0x1173, 0x0006, 0x00a8, 0x641b, 0x53bc, 0x3236, 0x004e, 
	0x0000, 0x0000, 0x0000, 0x0001, 0x0005, 0x00ab, 0x3319, 0x439d, 0x53de, 0x53be, 0x4bde, 0x439c, 0x32f9, 0x010f, 0x0005, 0x0004, 
	0x3a94, 0x53dc, 0x4b9d, 0x2a34, 0x0003, 0x0003, 0x53ba, 0x53be, 0x32bb, 0x0973, 0x0006, 0x0088, 0x63fa, 0x5bbc, 0x2a35, 0x006e, 
	0x0000, 0x0000, 0x0000, 0x0002, 0x00ea, 0x3b36, 0x4bbc, 0x4bde, 0x435d, 0x4b9e, 0x2299, 0x4bbd, 0x43bc, 0x3af7, 0x112c, 0x0006, 
	0x00ab, 0x3295, 0x2a15, 0x194f, 0x0003, 0x0004, 0x5bda, 0x4bbe, 0x2aba, 0x0972, 0x0006, 0x10e9, 0x6bfb, 0x5bbc, 0x2a15, 0x006e, 
	0x0000, 0x0001, 0x0003, 0x08ea, 0x3b37, 0x439c, 0x4bbd, 0x32fb, 0x4b7d, 0x4b7d, 0x1a38, 0x2aba, 0x4bbe, 0x439c, 0x3af8, 0x010e, 
	0x0007, 0x0068, 0x08a9, 0x0005, 0x0003, 0x0005, 0x5bda, 0x53bc, 0x2a97, 0x00ad, 0x0006, 0x194c, 0x6c3c, 0x5bbc, 0x2a14, 0x004c, 
	0x0002, 0x0004, 0x0089, 0x3af6, 0x4bbc, 0x439d, 0x32fa, 0x11d6, 0x5bfe, 0x4b9d, 0x2217, 0x11b5, 0x2ab9, 0x4b9d, 0x439d, 0x32d8, 
	0x00cb, 0x0005, 0x0003, 0x0003, 0x0003, 0x218d, 0x53ba, 0x53bc, 0x2a34, 0x0009, 0x0006, 0x196c, 0x643c, 0x4b7b, 0x21d2, 0x000a, 
	0x0004, 0x0068, 0x4358, 0x43bc, 0x43bd, 0x331b, 0x0994, 0x2257, 0x5c1e, 0x4b5a, 0x2a15, 0x000b, 0x1192, 0x32d7, 0x4bbd, 0x4b7c, 
	0x32b7, 0x00cc, 0x0004, 0x0003, 0x0005, 0x3272, 0x53bb, 0x4b9b, 0x21b1, 0x0008, 0x0006, 0x21ef, 0x5c1c, 0x3b19, 0x1970, 0x0008, 
	0x0027, 0x4b15, 0x437b, 0x43be, 0x32f9, 0x1193, 0x002d, 0x2235, 0x5bfd, 0x539b, 0x2a13, 0x0009, 0x0008, 0x1190, 0x2ab8, 0x4bbd, 
	0x4b9c, 0x3295, 0x08e9, 0x0004, 0x0006, 0x5bb8, 0x5bfc, 0x3ab7, 0x194d, 0x0006, 0x0027, 0x4b76, 0x4bdc, 0x2ab7, 0x112d, 0x0006, 
	0x08cb, 0x5b98, 0x539d, 0x32b9, 0x1991, 0x0029, 0x0009, 0x2a32, 0x5bfc, 0x539b, 0x21f2, 0x0009, 0x0006, 0x0007, 0x2a77, 0x3b3c, 
	0x53de, 0x3ad7, 0x110b, 0x0004, 0x0007, 0x4af5, 0x42f9, 0x21f4, 0x0047, 0x0005, 0x010c, 0x4bba, 0x53bd, 0x2215, 0x0026, 0x0002, 
	0x0006, 0x218e, 0x29f3, 0x1971, 0x0048, 0x0005, 0x0006, 0x3251, 0x641c, 0x4b7a, 0x2a34, 0x0009, 0x0007, 0x21d0, 0x435a, 0x4bbe, 
	0x4b7d, 0x2a35, 0x08a9, 0x0004, 0x0005, 0x10ea, 0x196f, 0x08cc, 0x0003, 0x0003, 0x3293, 0x53dc, 0x431b, 0x1992, 0x0005, 0x0000, 
	0x0001, 0x0002, 0x0003, 0x0004, 0x0002, 0x0003, 0x0005, 0x3251, 0x5c1b, 0x4b9b, 0x2215, 0x000c, 0x2215, 0x435a, 0x4bdd, 0x4b9c, 
	0x2216, 0x08ee, 0x0004, 0x0001, 0x0001, 0x0002, 0x0003, 0x0002, 0x0000, 0x0003, 0x5377, 0x53bc, 0x3278, 0x08ef, 0x0003, 0x0000, 
	0x0000, 0x0020, 0x0000, 0x0000, 0x0000, 0x0002, 0x0005, 0x3252, 0x5c1b, 0x4b9b, 0x2215, 0x2a58, 0x3b3c, 0x4bbe, 0x4bbd, 0x1a15, 
	0x090f, 0x0027, 0x0002, 0x0000, 0x0000, 0x0000, 0x0000, 0x0000, 0x0000, 0x0002, 0x5376, 0x4b59, 0x1992, 0x0008, 0x0002, 0x0000, 
	0x0000, 0x0000, 0x0000, 0x0000, 0x0000, 0x0002, 0x0006, 0x2a32, 0x5c1c, 0x437b, 0x1a37, 0x433c, 0x53be, 0x4b7d, 0x2215, 0x092e, 
	0x0005, 0x0002, 0x0001, 0x0000, 0x0000, 0x0000, 0x0000, 0x0000, 0x0000, 0x0002, 0x198d, 0x21cf, 0x10ea, 0x0004, 0x0001, 0x0000, 
	0x0000, 0x0000, 0x0000, 0x0020, 0x0000, 0x0002, 0x0007, 0x3233, 0x5bfb, 0x439c, 0x2ada, 0x4b9e, 0x4b7d, 0x2215, 0x00ee, 0x0027, 
	0x0002, 0x0000, 0x0000, 0x0000, 0x0000, 0x0000, 0x0000, 0x0000, 0x0000, 0x0002, 0x0004, 0x0005, 0x0003, 0x0001, 0x0000, 0x0800, 
	0x0000, 0x0000, 0x0000, 0x0000, 0x0000, 0x0003, 0x0006, 0x2a31, 0x5c1b, 0x4b9b, 0x4bbd, 0x4b7c, 0x2216, 0x090e, 0x0005, 0x0002, 
	0x0001, 0x0000, 0x0000, 0x0000, 0x0000, 0x0000, 0x0000, 0x0000, 0x0000, 0x0000, 0x0021, 0x0001, 0x0000, 0x0000, 0x0000, 0x0000, 
	0x0000, 0x0000, 0x0000, 0x0000, 0x0000, 0x0002, 0x0005, 0x3251, 0x5bfb, 0x53bc, 0x4b7c, 0x2215, 0x090e, 0x0006, 0x0002, 0x0000, 
	0x0000, 0x0000, 0x0000, 0x0000, 0x0000, 0x0000, 0x0000, 0x0000, 0x0000, 0x0000, 0x0000, 0x0000, 0x0000, 0x0000, 0x0000, 0x0000, 
	0x0000, 0x0000, 0x0000, 0x0000, 0x0000, 0x0001, 0x0024, 0x29ee, 0x42f8, 0x431b, 0x21f5, 0x090f, 0x0005, 0x0002, 0x0000, 0x0000, 
	0x0000, 0x0020, 0x0000, 0x0000, 0x0000, 0x0020, 0x0000, 0x0000, 0x0000, 0x0000, 0x0000, 0x0000, 0x0000, 0x0000, 0x0000, 0x0000, 
	0x0000, 0x0000, 0x0000, 0x0000, 0x0000, 0x0001, 0x0002, 0x0006, 0x0952, 0x1195, 0x00d0, 0x0009, 0x0003, 0x0000, 0x0000, 0x0000, 
	0x0000, 0x0000, 0x0000, 0x0000, 0x0000, 0x0000, 0x0000, 0x0000, 0x0000, 0x0000, 0x0000, 0x0000, 0x0000, 0x0000, 0x0000, 0x0000
};
// 'resized-images (8) (6)', 32x32px
const uint16_t wifi32[] = {
	0x0000, 0x0000, 0x0000, 0x0000, 0x0000, 0x0000, 0x0000, 0x0000, 0x0000, 0x0000, 0x0000, 0x0000, 0x0000, 0x0000, 0x0000, 0x0000, 
	0x0000, 0x0000, 0x0000, 0x0000, 0x0000, 0x0000, 0x0000, 0x0000, 0x0000, 0x0000, 0x0000, 0x0000, 0x0000, 0x0000, 0x0000, 0x0000, 
	0x0000, 0x0000, 0x0000, 0x0000, 0x0000, 0x0000, 0x0000, 0x0000, 0x0000, 0x0000, 0x0000, 0x0000, 0x0000, 0x0000, 0x0000, 0x0000, 
	0x0000, 0x0000, 0x0000, 0x0000, 0x0000, 0x0000, 0x0020, 0x0000, 0x0000, 0x0000, 0x0000, 0x0000, 0x0000, 0x0020, 0x0000, 0x0000, 
	0x0000, 0x0000, 0x0000, 0x0000, 0x0020, 0x0020, 0x0000, 0x0000, 0x0000, 0x0000, 0x0000, 0x0000, 0x0000, 0x0000, 0x0000, 0x0000, 
	0x0000, 0x0000, 0x0000, 0x0000, 0x0000, 0x0000, 0x0000, 0x0000, 0x0000, 0x0000, 0x0000, 0x0021, 0x0000, 0x0000, 0x0000, 0x0000, 
	0x0000, 0x0000, 0x0000, 0x0020, 0x0000, 0x0020, 0x0000, 0x0000, 0x0000, 0x0000, 0x0000, 0x0000, 0x0001, 0x0001, 0x0001, 0x0001, 
	0x0001, 0x0001, 0x0001, 0x0000, 0x0000, 0x0020, 0x0000, 0x0000, 0x0000, 0x0000, 0x0000, 0x0000, 0x0001, 0x0000, 0x0000, 0x0000, 
	0x0000, 0x0000, 0x0000, 0x0000, 0x0000, 0x0000, 0x0000, 0x0000, 0x0000, 0x0020, 0x0020, 0x0001, 0x0022, 0x0023, 0x0044, 0x0024, 
	0x0024, 0x0044, 0x0023, 0x0023, 0x0002, 0x0001, 0x0021, 0x0000, 0x0000, 0x0000, 0x0000, 0x0000, 0x0000, 0x0000, 0x0000, 0x0000, 
	0x0000, 0x0020, 0x0000, 0x0000, 0x0000, 0x0000, 0x0000, 0x0001, 0x0001, 0x0022, 0x1168, 0x220b, 0x8d9b, 0x857b, 0x7d5b, 0x7d5b, 
	0x7d7b, 0x7d5b, 0x7d5a, 0x8d5a, 0x220d, 0x1128, 0x0023, 0x0002, 0x0001, 0x0000, 0x0000, 0x0000, 0x0000, 0x0000, 0x0000, 0x0000, 
	0x0000, 0x0000, 0x0000, 0x0000, 0x0000, 0x0000, 0x0001, 0x0023, 0x2a4c, 0x4bd4, 0x7dbd, 0x757d, 0x6d5e, 0x651d, 0x5cfc, 0x5cfc, 
	0x54dc, 0x54fc, 0x5d1d, 0x64fc, 0x6d5d, 0x755c, 0x4bb5, 0x328f, 0x0024, 0x0001, 0x0000, 0x0000, 0x0000, 0x0000, 0x0000, 0x0000, 
	0x0000, 0x0000, 0x0000, 0x0000, 0x0000, 0x0001, 0x0044, 0x8d7a, 0x8ddd, 0x759d, 0x5cfc, 0x4c5b, 0x3bb9, 0x3b99, 0x3397, 0x33b7, 
	0x33b7, 0x3bf9, 0x3c1a, 0x447c, 0x4cbd, 0x54bd, 0x651d, 0x6cfb, 0x855a, 0x0065, 0x0002, 0x0000, 0x0000, 0x0000, 0x0000, 0x0000, 
	0x0000, 0x0000, 0x0000, 0x0000, 0x0022, 0x4330, 0x85bc, 0x7d9d, 0x64fb, 0x43f8, 0x2af4, 0x1a72, 0x2a93, 0x1a10, 0x09ce, 0x09ee, 
	0x11ee, 0x1a51, 0x2b15, 0x3bd9, 0x2b99, 0x443b, 0x4c9c, 0x54fd, 0x5cdb, 0x64d9, 0x3b10, 0x0023, 0x0000, 0x0000, 0x0000, 0x0000, 
	0x0020, 0x0000, 0x0000, 0x0002, 0x5bf3, 0x85dd, 0x759e, 0x4c7a, 0x2b15, 0x09f0, 0x1a30, 0x098d, 0x012c, 0x094c, 0x00ea, 0x0067, 
	0x0067, 0x00ea, 0x01ae, 0x1252, 0x2b16, 0x3bb8, 0x33d9, 0x447c, 0x4cdd, 0x54bb, 0x5c99, 0x53b3, 0x0002, 0x0000, 0x0000, 0x0000, 
	0x0000, 0x0001, 0x0002, 0x4b30, 0x8dfe, 0x7dbf, 0x3bf8, 0x1a93, 0x09ce, 0x096c, 0x00e9, 0x0046, 0x0109, 0x016a, 0x018b, 0x09ac, 
	0x096c, 0x014b, 0x014c, 0x00aa, 0x0089, 0x09ae, 0x2af4, 0x3bb8, 0x447c, 0x44bd, 0x54bc, 0x5c78, 0x42ef, 0x0002, 0x0001, 0x0000, 
	0x0000, 0x0001, 0x3aef, 0x95fd, 0x757e, 0x3bd8, 0x1252, 0x09ef, 0x012b, 0x0067, 0x0109, 0x4393, 0x7519, 0x85bc, 0x7d9c, 0x7d7c, 
	0x7d5c, 0x857d, 0x751c, 0x5438, 0x32f2, 0x00ca, 0x00aa, 0x1a52, 0x3bfa, 0x341b, 0x4cdd, 0x4c7a, 0x6498, 0x42ef, 0x0002, 0x0001, 
	0x0001, 0x0063, 0x7dbb, 0x867f, 0x4459, 0x1a93, 0x11ce, 0x010a, 0x0066, 0x64b8, 0x7ddd, 0x7dff, 0x651c, 0x5cdb, 0x549b, 0x547b, 
	0x54bc, 0x4cbc, 0x5d1d, 0x653e, 0x6d7e, 0x547a, 0x2af3, 0x0049, 0x018e, 0x3bb8, 0x4c7c, 0x54bd, 0x4c39, 0x5c16, 0x0044, 0x0001, 
	0x0001, 0x4b2f, 0x85fc, 0x54d9, 0x2313, 0x09ce, 0x012b, 0x2a6f, 0x751a, 0x7dbd, 0x651c, 0x4459, 0x2b76, 0x22f4, 0x1a93, 0x2b15, 
	0x2b56, 0x2336, 0x2b77, 0x447b, 0x4cbc, 0x5d1d, 0x549b, 0x2b14, 0x016d, 0x018e, 0x43d9, 0x549c, 0x43d7, 0x226f, 0x42ad, 0x0001, 
	0x0000, 0x0063, 0x6475, 0x3331, 0x224e, 0x016b, 0x32f1, 0x85fe, 0x75de, 0x549a, 0x2b15, 0x1210, 0x1a0f, 0x098c, 0x094b, 0x094b, 
	0x116c, 0x11ef, 0x22d2, 0x43f8, 0x2b97, 0x3c7b, 0x4cdd, 0x54bc, 0x3b97, 0x01cf, 0x014d, 0x4354, 0x32b0, 0x198a, 0x0043, 0x0001, 
	0x0000, 0x0001, 0x0044, 0x222c, 0x096a, 0x098b, 0x7d7c, 0x861f, 0x4418, 0x1ab3, 0x09ae, 0x014b, 0x00c8, 0x0066, 0x0025, 0x0066, 
	0x0067, 0x0027, 0x0089, 0x018d, 0x1af3, 0x3bf8, 0x447b, 0x4cbd, 0x4c7b, 0x3355, 0x00ea, 0x00c8, 0x1989, 0x0023, 0x0001, 0x0000, 
	0x0000, 0x0000, 0x0001, 0x0023, 0x0024, 0x6456, 0x8e3f, 0x4c39, 0x1a92, 0x11ce, 0x092a, 0x0025, 0x0067, 0x3b73, 0x43b4, 0x4c37, 
	0x43f7, 0x3375, 0x22b2, 0x0068, 0x0087, 0x226f, 0x4439, 0x4c9c, 0x4cbd, 0x3bf9, 0x4b74, 0x0004, 0x0002, 0x0000, 0x0000, 0x0000, 
	0x0000, 0x0000, 0x0000, 0x0001, 0x0023, 0x8559, 0x6cfa, 0x2b13, 0x11ce, 0x096b, 0x0025, 0x3af0, 0x7d7c, 0x861f, 0x759d, 0x5d1c, 
	0x5d1d, 0x655e, 0x6d1c, 0x5c59, 0x1a0e, 0x0047, 0x1250, 0x4c39, 0x54bb, 0x43d7, 0x3af0, 0x0003, 0x0001, 0x0000, 0x0000, 0x0000, 
	0x0000, 0x0000, 0x0000, 0x0000, 0x0022, 0x326c, 0x4310, 0x328e, 0x0929, 0x0025, 0x3b32, 0x85bc, 0x6d5d, 0x4439, 0x3bd8, 0x3397, 
	0x33d9, 0x3c1a, 0x447b, 0x549c, 0x5439, 0x1a31, 0x0047, 0x1a0e, 0x3b53, 0x2aaf, 0x19a9, 0x0001, 0x0000, 0x0000, 0x0000, 0x0000, 
	0x0000, 0x0000, 0x0000, 0x0000, 0x0001, 0x0022, 0x0043, 0x0044, 0x0024, 0x3acf, 0xa69f, 0x5cba, 0x3375, 0x1231, 0x1231, 0x1a92, 
	0x2314, 0x33d8, 0x2b97, 0x445b, 0x4c3b, 0x5c7b, 0x2a6f, 0x0024, 0x0064, 0x0063, 0x0021, 0x0000, 0x0000, 0x0000, 0x0000, 0x0000, 
	0x0000, 0x0000, 0x0000, 0x0000, 0x0000, 0x0000, 0x0000, 0x0001, 0x0064, 0x7519, 0x6d1b, 0x2b14, 0x11ee, 0x096c, 0x00e8, 0x0025, 
	0x0025, 0x0087, 0x22b1, 0x3bb7, 0x4c9c, 0x4c3a, 0x4b93, 0x08e7, 0x0002, 0x0001, 0x0000, 0x0000, 0x0000, 0x0000, 0x0000, 0x0000, 
	0x0000, 0x0000, 0x0000, 0x0000, 0x0000, 0x0000, 0x0000, 0x0000, 0x0063, 0x53b2, 0x3b33, 0x120e, 0x116b, 0x0046, 0x0128, 0x4330, 
	0x3aef, 0x0129, 0x0088, 0x2ad2, 0x4c19, 0x3b75, 0x19ab, 0x0084, 0x0001, 0x0000, 0x0000, 0x0000, 0x0000, 0x0000, 0x0000, 0x0000, 
	0x0000, 0x0000, 0x0000, 0x0000, 0x0000, 0x0000, 0x0000, 0x0000, 0x0021, 0x1146, 0x3a6c, 0x19aa, 0x0024, 0x224d, 0x755a, 0x6d3b, 
	0x64fb, 0x4c17, 0x118c, 0x0025, 0x21ed, 0x21eb, 0x2188, 0x0000, 0x0000, 0x0000, 0x0000, 0x0000, 0x0000, 0x0000, 0x0000, 0x0000, 
	0x0000, 0x0000, 0x0000, 0x0000, 0x0000, 0x0000, 0x0000, 0x0000, 0x0000, 0x0000, 0x0001, 0x0002, 0x0064, 0x6cd7, 0x96df, 0x5d3d, 
	0x54dc, 0x5459, 0x4b32, 0x0025, 0x0003, 0x0001, 0x0000, 0x0000, 0x0000, 0x0000, 0x0000, 0x0000, 0x0000, 0x0000, 0x0000, 0x0000, 
	0x0000, 0x0000, 0x0000, 0x0000, 0x0000, 0x0000, 0x0000, 0x0000, 0x0000, 0x0000, 0x0000, 0x0001, 0x0085, 0x753a, 0x863f, 0x54dc, 
	0x3bf9, 0x3335, 0x4332, 0x0065, 0x0001, 0x0000, 0x0000, 0x0000, 0x0000, 0x0000, 0x0000, 0x0000, 0x0000, 0x0000, 0x0000, 0x0000, 
	0x0000, 0x0000, 0x0000, 0x0000, 0x0000, 0x0000, 0x0000, 0x0000, 0x0000, 0x0000, 0x0000, 0x0021, 0x0084, 0x5c56, 0x549a, 0x43f9, 
	0x2b35, 0x120f, 0x328f, 0x0023, 0x0001, 0x0000, 0x0000, 0x0000, 0x0000, 0x0000, 0x0000, 0x0000, 0x0000, 0x0000, 0x0000, 0x0000, 
	0x0000, 0x0000, 0x0000, 0x0000, 0x0000, 0x0000, 0x0000, 0x0000, 0x0000, 0x0000, 0x0000, 0x0000, 0x0021, 0x2a4c, 0x4374, 0x3b34, 
	0x1a0f, 0x094b, 0x1127, 0x0001, 0x0000, 0x0000, 0x0000, 0x0000, 0x0000, 0x0000, 0x0000, 0x0000, 0x0000, 0x0000, 0x0000, 0x0000, 
	0x0000, 0x0000, 0x0000, 0x0000, 0x0000, 0x0000, 0x0000, 0x0000, 0x0000, 0x0000, 0x0800, 0x0000, 0x0000, 0x0002, 0x21cb, 0x19ac, 
	0x116a, 0x1969, 0x0001, 0x0000, 0x0000, 0x0000, 0x0000, 0x0000, 0x0000, 0x0000, 0x0000, 0x0000, 0x0000, 0x0000, 0x0000, 0x0000, 
	0x0000, 0x0000, 0x0000, 0x0000, 0x0000, 0x0000, 0x0000, 0x0000, 0x0000, 0x0000, 0x0000, 0x0000, 0x0000, 0x0000, 0x0022, 0x0002, 
	0x0002, 0x0001, 0x0000, 0x0000, 0x0000, 0x0020, 0x0000, 0x0000, 0x0000, 0x0000, 0x0000, 0x0000, 0x0000, 0x0000, 0x0000, 0x0000, 
	0x0000, 0x0000, 0x0000, 0x0000, 0x0000, 0x0000, 0x0000, 0x0000, 0x0000, 0x0000, 0x0000, 0x0000, 0x0000, 0x0000, 0x0000, 0x0000, 
	0x0000, 0x0000, 0x0000, 0x0000, 0x0000, 0x0000, 0x0000, 0x0000, 0x0000, 0x0000, 0x0000, 0x0000, 0x0000, 0x0000, 0x0000, 0x0000, 
	0x0000, 0x0000, 0x0000, 0x0000, 0x0000, 0x0000, 0x0000, 0x0000, 0x0000, 0x0000, 0x0000, 0x0000, 0x0000, 0x0000, 0x0020, 0x0000, 
	0x0000, 0x0000, 0x0000, 0x0000, 0x0000, 0x0000, 0x0000, 0x0000, 0x0000, 0x0000, 0x0000, 0x0000, 0x0000, 0x0000, 0x0000, 0x0000, 
	0x0000, 0x0000, 0x0000, 0x0000, 0x0000, 0x0000, 0x0000, 0x0000, 0x0000, 0x0020, 0x0000, 0x0000, 0x0000, 0x0000, 0x0000, 0x0000, 
	0x0000, 0x0000, 0x0000, 0x0000, 0x0000, 0x0000, 0x0020, 0x0000, 0x0000, 0x0000, 0x0000, 0x0000, 0x0000, 0x0000, 0x0000, 0x0000
};
// 'resized-images (7) (4)', 32x32px
const uint16_t settings32[] = {
	0x0000, 0x0000, 0x0000, 0x0000, 0x0000, 0x0000, 0x0000, 0x0000, 0x0000, 0x0000, 0x0000, 0x0000, 0x0000, 0x0000, 0x0000, 0x0000, 
	0x0000, 0x0000, 0x0000, 0x0000, 0x0000, 0x0000, 0x0000, 0x0000, 0x0000, 0x0000, 0x0000, 0x0000, 0x0000, 0x0000, 0x0000, 0x0000, 
	0x0000, 0x0000, 0x0000, 0x0000, 0x0000, 0x0000, 0x0000, 0x0000, 0x0000, 0x0000, 0x0000, 0x0000, 0x0000, 0x0000, 0x0000, 0x0000, 
	0x0000, 0x0021, 0x0000, 0x0000, 0x0020, 0x0000, 0x0000, 0x0000, 0x0000, 0x0000, 0x0000, 0x0000, 0x0000, 0x0000, 0x0000, 0x0000, 
	0x0000, 0x0000, 0x0000, 0x0000, 0x0000, 0x0000, 0x0000, 0x0000, 0x0020, 0x0000, 0x0000, 0x0000, 0x0001, 0x0000, 0x0000, 0x0000, 
	0x0000, 0x0000, 0x0001, 0x0001, 0x0000, 0x0020, 0x0000, 0x0000, 0x0000, 0x0000, 0x0000, 0x0000, 0x0000, 0x0000, 0x0000, 0x0000, 
	0x0000, 0x0000, 0x0000, 0x0000, 0x0000, 0x0000, 0x0000, 0x0000, 0x0000, 0x0001, 0x0022, 0x21a9, 0x1989, 0x3a4c, 0x0001, 0x0001, 
	0x0001, 0x10e5, 0x9d78, 0x532e, 0x3a4a, 0x2145, 0x0000, 0x0000, 0x0000, 0x0000, 0x0000, 0x0000, 0x0000, 0x0000, 0x0000, 0x0000, 
	0x0000, 0x0000, 0x0000, 0x0000, 0x0000, 0x0000, 0x0000, 0x0000, 0x0002, 0x2a2c, 0x3b12, 0x6cba, 0x6cb9, 0xbeff, 0x322c, 0x0002, 
	0x0044, 0x5b71, 0x8d7a, 0xa63d, 0xc6dd, 0xc67b, 0x5aad, 0x0002, 0x0000, 0x0000, 0x0000, 0x0000, 0x0000, 0x0000, 0x0000, 0x0000, 
	0x0000, 0x0000, 0x0000, 0x0020, 0x0000, 0x0000, 0x0000, 0x0000, 0x08a5, 0x6c36, 0x5439, 0x545b, 0x5c9b, 0x751c, 0x9dfd, 0x198a, 
	0x0929, 0x84fa, 0x8d7c, 0x8dbd, 0xa63d, 0xc69f, 0x8416, 0x20e9, 0x0001, 0x0000, 0x0000, 0x0000, 0x0000, 0x0000, 0x0000, 0x0000, 
	0x0000, 0x0000, 0x0000, 0x0000, 0x0000, 0x0000, 0x0000, 0x0000, 0x0085, 0x5353, 0x543a, 0x545c, 0x545c, 0x64bc, 0x8ddf, 0x855d, 
	0x74bb, 0x74bb, 0x7cfd, 0x855e, 0x8dbf, 0x8d1d, 0x7bba, 0xa4bc, 0x0002, 0x0000, 0x0000, 0x0000, 0x0000, 0x0000, 0x0000, 0x0000, 
	0x0000, 0x0000, 0x0000, 0x0000, 0x0000, 0x0000, 0x0000, 0x0001, 0x0004, 0x3250, 0x53f9, 0x541b, 0x5c3b, 0x645a, 0x6c7a, 0x6c79, 
	0x747a, 0x6c7a, 0x74bc, 0x74bc, 0x7d5e, 0x5bb9, 0x7bdc, 0x83da, 0x0003, 0x0000, 0x0000, 0x0000, 0x0000, 0x0000, 0x0000, 0x0000, 
	0x0000, 0x0000, 0x0000, 0x0000, 0x0000, 0x0001, 0x0001, 0x0003, 0x0024, 0x2a0f, 0x5bf9, 0x643a, 0x6c58, 0xbe9f, 0xbe3d, 0xc63c, 
	0xcebf, 0xa5dd, 0x851b, 0x749b, 0x7d3d, 0x74dd, 0x73da, 0x210e, 0x1909, 0x6bb0, 0x2146, 0x0000, 0x0000, 0x0000, 0x0000, 0x0000, 
	0x0000, 0x0000, 0x0000, 0x0000, 0x0023, 0x320c, 0x3a6f, 0x42d1, 0x21ed, 0x5354, 0x63f7, 0x953c, 0xaddc, 0xad7a, 0xb59a, 0xbd99, 
	0xb5ba, 0xbe1c, 0xc69f, 0xa5de, 0x74db, 0x95bf, 0x8cfe, 0x8cdc, 0xadbd, 0xb5fc, 0xbe5c, 0x3a2a, 0x0000, 0x0000, 0x0000, 0x0000, 
	0x0000, 0x0000, 0x0020, 0x0002, 0x21ee, 0x53b8, 0x5bfa, 0x53fa, 0x5bf9, 0x63f7, 0xa57b, 0xad5a, 0xbd9b, 0x83d5, 0x41ce, 0x49ef, 
	0x7bb3, 0xad59, 0xbdda, 0xc65e, 0x957d, 0x7cbc, 0x7cdd, 0x84fd, 0x8d1d, 0x953b, 0xbe9f, 0x5330, 0x0001, 0x0000, 0x0000, 0x0000, 
	0x0000, 0x0000, 0x0000, 0x0043, 0x3293, 0x4359, 0x439b, 0x4bdb, 0x53d9, 0x84ba, 0xb57b, 0xad18, 0x4a2f, 0x28ec, 0x28ec, 0x312c, 
	0x2909, 0x5aae, 0xb578, 0xbdfb, 0xc69f, 0x7c9a, 0x6c5b, 0x74dd, 0x84fe, 0x84fd, 0x84fc, 0x9d7c, 0x3a0a, 0x0000, 0x0000, 0x0000, 
	0x0020, 0x0000, 0x0000, 0x08e7, 0x4336, 0x439a, 0x437a, 0x4b79, 0x63d7, 0x9d5c, 0xb57c, 0x7354, 0x292e, 0x210d, 0x212c, 0x0867, 
	0x1085, 0x0843, 0x6b0e, 0xbd99, 0xce5e, 0xad9d, 0x749c, 0x647d, 0x74be, 0x74bd, 0x74bd, 0x84fb, 0x31cb, 0x0001, 0x0000, 0x0000, 
	0x0000, 0x0000, 0x0021, 0x08a6, 0x3ad3, 0x4337, 0x4b59, 0x5378, 0x5b74, 0xa53b, 0xc5df, 0x41f0, 0x3170, 0x210d, 0x298b, 0x0002, 
	0x0002, 0x0001, 0x0001, 0xbd98, 0xc5db, 0xad9d, 0x6c5b, 0x5c1c, 0x63fc, 0x5bbb, 0x5338, 0x5b35, 0x6b71, 0x0001, 0x0000, 0x0000, 
	0x0000, 0x0000, 0x0000, 0x0043, 0x29ac, 0x3230, 0x42d5, 0x4af5, 0x7c36, 0xad5a, 0xce1f, 0x39d1, 0x3190, 0x20ec, 0x0002, 0x0000, 
	0x0000, 0x0000, 0x0000, 0xbd78, 0xc5bb, 0xad5c, 0x6c5b, 0x5bfc, 0x42d9, 0x3a55, 0x4233, 0x6314, 0x5acf, 0x0001, 0x0000, 0x0000, 
	0x0000, 0x0000, 0x0000, 0x0001, 0x0043, 0x0026, 0x3a73, 0x42b4, 0x8435, 0xad19, 0xdebf, 0x4a13, 0x41f2, 0x0007, 0x0002, 0x0000, 
	0x0000, 0x0000, 0x0801, 0xb558, 0xbd9b, 0x94bb, 0x641b, 0x641c, 0x4277, 0x39b3, 0x4a10, 0x1887, 0x0003, 0x0001, 0x0000, 0x0000, 
	0x0000, 0x0000, 0x0000, 0x0000, 0x0001, 0x0004, 0x194d, 0x42b3, 0x428f, 0xa519, 0xbd7d, 0x7b77, 0x5233, 0x0008, 0x0002, 0x0000, 
	0x0000, 0x0001, 0xa4d5, 0xb559, 0xb57c, 0x7c19, 0x63fa, 0x63fb, 0x637a, 0x314f, 0x0004, 0x0002, 0x0001, 0x0000, 0x0000, 0x0000, 
	0x0000, 0x0000, 0x0000, 0x0000, 0x0001, 0x0004, 0x112d, 0x3a93, 0x29cd, 0x9cf8, 0xb53b, 0xa4ba, 0x62f5, 0x39ae, 0x0003, 0x0001, 
	0x0021, 0x420a, 0xad37, 0xb57b, 0x94bb, 0x5b58, 0x5bda, 0x74be, 0x7c1b, 0x31af, 0x0003, 0x0001, 0x0000, 0x0000, 0x0000, 0x0000, 
	0x0000, 0x0000, 0x0000, 0x0001, 0x0003, 0x3a90, 0x4b16, 0x3a94, 0x218d, 0x5b11, 0xa4d8, 0xb55a, 0xce1f, 0x5ad1, 0x4a4c, 0x18e5, 
	0xb598, 0xb557, 0xb559, 0x9cd9, 0x5b57, 0x5399, 0x4bba, 0x5c1b, 0x851e, 0xadff, 0x0045, 0x0002, 0x0000, 0x0000, 0x0000, 0x0000, 
	0x0000, 0x0000, 0x0000, 0x0022, 0x3a6e, 0x4af3, 0x3ad5, 0x3a95, 0x29d0, 0x298d, 0x83f5, 0x9cb7, 0xad3a, 0xad5a, 0xb579, 0xad58, 
	0xb558, 0xad39, 0x9cb9, 0x6376, 0x4317, 0x4359, 0x4bba, 0x4379, 0x4b99, 0x6c39, 0x8cb9, 0x7bf3, 0x0842, 0x0000, 0x0000, 0x0000, 
	0x0000, 0x0000, 0x0000, 0x0884, 0x3a4f, 0x3a93, 0x3ab5, 0x3ad6, 0x3a53, 0x216f, 0x20eb, 0x6b32, 0x9477, 0x9cb8, 0xa4b8, 0xa4d9, 
	0x9478, 0x7396, 0x5274, 0x3a34, 0x4318, 0x4b9b, 0x3b39, 0x3b3a, 0x433a, 0x4b18, 0x4ab3, 0x8436, 0x18e6, 0x0000, 0x0000, 0x0000, 
	0x0000, 0x0000, 0x0000, 0x0002, 0x192b, 0x3a52, 0x3274, 0x3275, 0x3a74, 0x3a12, 0x294e, 0x18ca, 0x316c, 0x39cd, 0x41ae, 0x41f0, 
	0x39f1, 0x212f, 0x3a14, 0x4ab8, 0x42f7, 0x3af7, 0x4319, 0x42f9, 0x42f9, 0x3235, 0x6b97, 0x5ad0, 0x0002, 0x0000, 0x0000, 0x0000, 
	0x0000, 0x0000, 0x0000, 0x0001, 0x0066, 0x29ad, 0x3a53, 0x3a74, 0x3211, 0x218e, 0x29af, 0x29af, 0x214e, 0x194e, 0x192e, 0x192f, 
	0x2192, 0x3a55, 0x3a56, 0x3a55, 0x218f, 0x196e, 0x3a95, 0x3a76, 0x4276, 0x4274, 0x8c77, 0x0023, 0x0000, 0x0000, 0x0000, 0x0000, 
	0x0000, 0x0000, 0x0000, 0x0000, 0x0002, 0x0025, 0x29ae, 0x218e, 0x29ad, 0x218c, 0x110a, 0x216d, 0x29f1, 0x3233, 0x3234, 0x3275, 
	0x3ab7, 0x3276, 0x31f4, 0x2170, 0x29ad, 0x0006, 0x088a, 0x298f, 0x39d0, 0x7bb6, 0x18c6, 0x0001, 0x0000, 0x0000, 0x0000, 0x0000, 
	0x0000, 0x0000, 0x0000, 0x0000, 0x0000, 0x0001, 0x1085, 0x2949, 0x316a, 0x18c7, 0x0002, 0x08a6, 0x3a52, 0x42b6, 0x3a96, 0x3ad7, 
	0x3af8, 0x4318, 0x4ab5, 0x39f0, 0x0004, 0x0002, 0x0003, 0x318a, 0x4a0c, 0x28e7, 0x0001, 0x0000, 0x0000, 0x0000, 0x0000, 0x0000, 
	0x0000, 0x0000, 0x0000, 0x0000, 0x0000, 0x0000, 0x0001, 0x0002, 0x1064, 0x0822, 0x0000, 0x0043, 0x3230, 0x3ab6, 0x3ab7, 0x32b7, 
	0x3ad8, 0x4b18, 0x5b36, 0x3a0f, 0x0002, 0x0000, 0x0001, 0x0000, 0x0800, 0x0000, 0x0000, 0x0000, 0x0000, 0x0000, 0x0000, 0x0000, 
	0x0000, 0x0000, 0x0000, 0x0000, 0x0000, 0x0000, 0x0000, 0x0001, 0x0001, 0x0001, 0x0000, 0x0003, 0x21ae, 0x3a94, 0x3a96, 0x3296, 
	0x42b8, 0x52f8, 0x5b15, 0x3a0e, 0x0001, 0x0000, 0x0000, 0x0000, 0x0000, 0x0000, 0x0001, 0x0000, 0x0000, 0x0000, 0x0000, 0x0000, 
	0x0000, 0x0000, 0x0000, 0x0000, 0x0000, 0x0000, 0x0000, 0x0000, 0x0000, 0x0000, 0x0000, 0x0002, 0x08e9, 0x2a0f, 0x29f0, 0x3212, 
	0x3212, 0x4a93, 0x5b13, 0x10a7, 0x0001, 0x0000, 0x0020, 0x0000, 0x0000, 0x0000, 0x0000, 0x0000, 0x0000, 0x0000, 0x0000, 0x0000, 
	0x0000, 0x0000, 0x0000, 0x0000, 0x0000, 0x0000, 0x0000, 0x0000, 0x0000, 0x0020, 0x0000, 0x0000, 0x0002, 0x0885, 0x0865, 0x0846, 
	0x1087, 0x0886, 0x10e6, 0x0001, 0x0000, 0x0000, 0x0000, 0x0000, 0x0020, 0x0000, 0x0000, 0x0000, 0x0000, 0x0000, 0x0000, 0x0000, 
	0x0000, 0x0000, 0x0000, 0x0000, 0x0000, 0x0000, 0x0000, 0x0000, 0x0000, 0x0000, 0x0000, 0x0000, 0x0000, 0x0000, 0x0001, 0x0001, 
	0x0001, 0x0000, 0x0000, 0x0000, 0x0000, 0x0000, 0x0000, 0x0000, 0x0000, 0x0000, 0x0000, 0x0000, 0x0000, 0x0000, 0x0000, 0x0000, 
	0x0001, 0x0000, 0x0000, 0x0000, 0x0000, 0x0000, 0x0000, 0x0000, 0x0000, 0x0000, 0x0000, 0x0000, 0x0000, 0x0000, 0x0000, 0x0000, 
	0x0000, 0x0020, 0x0000, 0x0000, 0x0000, 0x0000, 0x0000, 0x0000, 0x0000, 0x0000, 0x0000, 0x0000, 0x0000, 0x0000, 0x0000, 0x0000, 
	0x0001, 0x0000, 0x0000, 0x0020, 0x0000, 0x0000, 0x0000, 0x0000, 0x0000, 0x0000, 0x0000, 0x0000, 0x0000, 0x0000, 0x0000, 0x0000, 
	0x0000, 0x0000, 0x0000, 0x0000, 0x0000, 0x0000, 0x0000, 0x0000, 0x0000, 0x0000, 0x0000, 0x0000, 0x0000, 0x0000, 0x0000, 0x0000
};

